method,plant_id,actual,estimate,rater,order_id,,,,,,,,,,,
Version_1,1,2.5,10,1,10,,,,,,,,,,,
Version_1,2,0,5,1,1,,,,,,,,,,,
Version_1,3,0,0,1,2,,,,,,,,,,,
Version_1,4,2.5,30,1,11,,,,,,,,,,,
Version_1,5,5,20,1,17,,,,,,,,,,,
Version_1,6,5,40,1,18,,,,,,,,,,,
Version_1,7,10,50,1,29,,,,,,,,,,,
Version_1,8,2.5,20,1,12,,,,,,,,,,,
Version_1,9,5,5,1,19,,,,,,,,,,,
Version_1,10,5,10,1,20,,,,,,,,,,,
Version_1,11,7.5,25,1,24,,,,,,,,,,,
Version_1,12,7.5,5,1,25,,,,,,,,,,,
Version_1,13,7.5,5,1,26,,,,,,,,,,,
Version_1,14,0,10,1,3,,,,,,,,,,,
Version_1,15,10,30,1,30,,,,,,,,,,,
Version_1,16,100,100,1,58,,,,,,,,,,,
Version_1,17,100,100,1,59,,,,,,,,,,,
Version_1,18,100,100,1,60,,,,,,,,,,,
Version_1,19,97.5,100,1,54,,,,,,,,,,,
Version_1,20,100,100,1,61,,,,,,,,,,,
Version_1,21,100,90,1,62,,,,,,,,,,,
Version_1,22,97.5,95,1,55,,,,,,,,,,,
Version_1,23,100,95,1,63,,,,,,,,,,,
Version_1,24,97.5,95,1,56,,,,,,,,,,,
Version_1,25,100,100,1,64,,,,,,,,,,,
Version_1,26,5,15,1,21,,,,,,,,,,,
Version_1,27,2.5,5,1,13,,,,,,,,,,,
Version_1,28,2.5,5,1,14,,,,,,,,,,,
Version_1,29,0,0,1,4,,,,,,,,,,,
Version_1,30,5,20,1,22,,,,,,,,,,,
Version_1,31,70,50,1,43,,,,,,,,,,,
Version_1,32,32.5,40,1,37,,,,,,,,,,,
Version_1,33,92.5,90,1,50,,,,,,,,,,,
Version_1,34,10,15,1,31,,,,,,,,,,,
Version_1,35,82.5,75,1,48,,,,,,,,,,,
Version_1,36,100,100,1,65,,,,,,,,,,,
Version_1,37,70,65,1,44,,,,,,,,,,,
Version_1,38,100,100,1,66,,,,,,,,,,,
Version_1,39,10,15,1,32,,,,,,,,,,,
Version_1,40,40,45,1,40,,,,,,,,,,,
Version_1,41,20,30,1,34,,,,,,,,,,,
Version_1,42,0,0,1,5,,,,,,,,,,,
Version_1,43,0,15,1,6,,,,,,,,,,,
Version_1,44,40,75,1,41,,,,,,,,,,,
Version_1,45,70,80,1,45,,,,,,,,,,,
Version_1,46,77.5,85,1,47,,,,,,,,,,,
Version_1,47,95,95,1,52,,,,,,,,,,,
Version_1,48,100,100,1,67,,,,,,,,,,,
Version_1,49,95,100,1,53,,,,,,,,,,,
Version_1,50,100,100,1,68,,,,,,,,,,,
Version_1,51,0,5,1,7,,,,,,,,,,,
Version_1,52,0,0,1,8,,,,,,,,,,,
Version_1,53,5,5,1,23,,,,,,,,,,,
Version_1,54,35,35,1,38,,,,,,,,,,,
Version_1,55,100,95,1,69,,,,,,,,,,,
Version_1,56,87.5,90,1,49,,,,,,,,,,,
Version_1,57,27.5,15,1,36,,,,,,,,,,,
Version_1,58,100,100,1,70,,,,,,,,,,,
Version_1,59,92.5,100,1,51,,,,,,,,,,,
Version_1,60,2.5,0,1,15,,,,,,,,,,,
Version_1,61,2.5,10,1,16,,,,,,,,,,,
Version_1,62,25,20,1,35,,,,,,,,,,,
Version_1,63,7.5,15,1,27,,,,,,,,,,,
Version_1,64,17.5,30,1,33,,,,,,,,,,,
Version_1,65,100,100,1,71,,,,,,,,,,,
Version_1,66,100,100,1,72,,,,,,,,,,,
Version_1,67,100,100,1,73,,,,,,,,,,,
Version_1,68,100,95,1,74,,,,,,,,,,,
Version_1,69,97.5,95,1,57,,,,,,,,,,,
Version_1,70,100,100,1,75,,,,,,,,,,,
Version_1,71,55,60,1,42,,,,,,,,,,,
Version_1,72,7.5,35,1,28,,,,,,,,,,,
Version_1,73,75,80,1,46,,,,,,,,,,,
Version_1,74,0,10,1,9,,,,,,,,,,,
Version_1,75,37.5,40,1,39,,,,,,,,,,,
Version_1,1,2.5,4,2,10,,,,,,,,,,,
Version_1,2,0,3,2,1,,,,,,,,,,,
Version_1,3,0,0,2,2,,,,,,,,,,,
Version_1,4,2.5,15,2,11,,,,,,,,,,,
Version_1,5,5,12,2,17,,,,,,,,,,,
Version_1,6,5,6,2,18,,,,,,,,,,,
Version_1,7,10,8,2,29,,,,,,,,,,,
Version_1,8,2.5,7,2,12,,,,,,,,,,,
Version_1,9,5,3,2,19,,,,,,,,,,,
Version_1,10,5,1,2,20,,,,,,,,,,,
Version_1,11,7.5,10,2,24,,,,,,,,,,,
Version_1,12,7.5,8,2,25,,,,,,,,,,,
Version_1,13,7.5,9,2,26,,,,,,,,,,,
Version_1,14,0,4,2,3,,,,,,,,,,,
Version_1,15,10,18,2,30,,,,,,,,,,,
Version_1,16,100,100,2,58,,,,,,,,,,,
Version_1,17,100,100,2,59,,,,,,,,,,,
Version_1,18,100,100,2,60,,,,,,,,,,,
Version_1,19,97.5,100,2,54,,,,,,,,,,,
Version_1,20,100,100,2,61,,,,,,,,,,,
Version_1,21,100,100,2,62,,,,,,,,,,,
Version_1,22,97.5,100,2,55,,,,,,,,,,,
Version_1,23,100,100,2,63,,,,,,,,,,,
Version_1,24,97.5,100,2,56,,,,,,,,,,,
Version_1,25,100,100,2,64,,,,,,,,,,,
Version_1,26,5,9,2,21,,,,,,,,,,,
Version_1,27,2.5,2,2,13,,,,,,,,,,,
Version_1,28,2.5,2,2,14,,,,,,,,,,,
Version_1,29,0,0,2,4,,,,,,,,,,,
Version_1,30,5,8,2,22,,,,,,,,,,,
Version_1,31,70,75,2,43,,,,,,,,,,,
Version_1,32,32.5,30,2,37,,,,,,,,,,,
Version_1,33,92.5,93,2,50,,,,,,,,,,,
Version_1,34,10,28,2,31,,,,,,,,,,,
Version_1,35,82.5,86,2,48,,,,,,,,,,,
Version_1,36,100,100,2,65,,,,,,,,,,,
Version_1,37,70,83,2,44,,,,,,,,,,,
Version_1,38,100,100,2,66,,,,,,,,,,,
Version_1,39,10,14,2,32,,,,,,,,,,,
Version_1,40,40,50,2,40,,,,,,,,,,,
Version_1,41,20,30,2,34,,,,,,,,,,,
Version_1,42,0,0,2,5,,,,,,,,,,,
Version_1,43,0,4,2,6,,,,,,,,,,,
Version_1,44,40,36,2,41,,,,,,,,,,,
Version_1,45,70,78,2,45,,,,,,,,,,,
Version_1,46,77.5,82,2,47,,,,,,,,,,,
Version_1,47,95,97,2,52,,,,,,,,,,,
Version_1,48,100,100,2,67,,,,,,,,,,,
Version_1,49,95,100,2,53,,,,,,,,,,,
Version_1,50,100,100,2,68,,,,,,,,,,,
Version_1,51,0,2,2,7,,,,,,,,,,,
Version_1,52,0,2,2,8,,,,,,,,,,,
Version_1,53,5,2,2,23,,,,,,,,,,,
Version_1,54,35,40,2,38,,,,,,,,,,,
Version_1,55,100,100,2,69,,,,,,,,,,,
Version_1,56,87.5,100,2,49,,,,,,,,,,,
Version_1,57,27.5,39,2,36,,,,,,,,,,,
Version_1,58,100,100,2,70,,,,,,,,,,,
Version_1,59,92.5,90,2,51,,,,,,,,,,,
Version_1,60,2.5,3,2,15,,,,,,,,,,,
Version_1,61,2.5,2,2,16,,,,,,,,,,,
Version_1,62,25,16,2,35,,,,,,,,,,,
Version_1,63,7.5,9,2,27,,,,,,,,,,,
Version_1,64,17.5,17,2,33,,,,,,,,,,,
Version_1,65,100,100,2,71,,,,,,,,,,,
Version_1,66,100,100,2,72,,,,,,,,,,,
Version_1,67,100,100,2,73,,,,,,,,,,,
Version_1,68,100,100,2,74,,,,,,,,,,,
Version_1,69,97.5,100,2,57,,,,,,,,,,,
Version_1,70,100,100,2,75,,,,,,,,,,,
Version_1,71,55,70,2,42,,,,,,,,,,,
Version_1,72,7.5,60,2,28,,,,,,,,,,,
Version_1,73,75,94,2,46,,,,,,,,,,,
Version_1,74,0,1,2,9,,,,,,,,,,,
Version_1,75,37.5,36,2,39,,,,,,,,,,,
Version_1,1,2.5,0,3,10,,,,,,,,,,,
Version_1,2,0,10,3,1,,,,,,,,,,,
Version_1,3,0,0,3,2,,,,,,,,,,,
Version_1,4,2.5,10,3,11,,,,,,,,,,,
Version_1,5,5,10,3,17,,,,,,,,,,,
Version_1,6,5,10,3,18,,,,,,,,,,,
Version_1,7,10,10,3,29,,,,,,,,,,,
Version_1,8,2.5,10,3,12,,,,,,,,,,,
Version_1,9,5,0,3,19,,,,,,,,,,,
Version_1,10,5,0,3,20,,,,,,,,,,,
Version_1,11,7.5,10,3,24,,,,,,,,,,,
Version_1,12,7.5,0,3,25,,,,,,,,,,,
Version_1,13,7.5,0,3,26,,,,,,,,,,,
Version_1,14,0,10,3,3,,,,,,,,,,,
Version_1,15,10,20,3,30,,,,,,,,,,,
Version_1,16,100,100,3,58,,,,,,,,,,,
Version_1,17,100,100,3,59,,,,,,,,,,,
Version_1,18,100,100,3,60,,,,,,,,,,,
Version_1,19,97.5,90,3,54,,,,,,,,,,,
Version_1,20,100,100,3,61,,,,,,,,,,,
Version_1,21,100,100,3,62,,,,,,,,,,,
Version_1,22,97.5,100,3,55,,,,,,,,,,,
Version_1,23,100,100,3,63,,,,,,,,,,,
Version_1,24,97.5,100,3,56,,,,,,,,,,,
Version_1,25,100,100,3,64,,,,,,,,,,,
Version_1,26,5,10,3,21,,,,,,,,,,,
Version_1,27,2.5,0,3,13,,,,,,,,,,,
Version_1,28,2.5,0,3,14,,,,,,,,,,,
Version_1,29,0,0,3,4,,,,,,,,,,,
Version_1,30,5,10,3,22,,,,,,,,,,,
Version_1,31,70,60,3,43,,,,,,,,,,,
Version_1,32,32.5,10,3,37,,,,,,,,,,,
Version_1,33,92.5,100,3,50,,,,,,,,,,,
Version_1,34,10,10,3,31,,,,,,,,,,,
Version_1,35,82.5,80,3,48,,,,,,,,,,,
Version_1,36,100,100,3,65,,,,,,,,,,,
Version_1,37,70,60,3,44,,,,,,,,,,,
Version_1,38,100,100,3,66,,,,,,,,,,,
Version_1,39,10,10,3,32,,,,,,,,,,,
Version_1,40,40,20,3,40,,,,,,,,,,,
Version_1,41,20,10,3,34,,,,,,,,,,,
Version_1,42,0,0,3,5,,,,,,,,,,,
Version_1,43,0,0,3,6,,,,,,,,,,,
Version_1,44,40,20,3,41,,,,,,,,,,,
Version_1,45,70,70,3,45,,,,,,,,,,,
Version_1,46,77.5,70,3,47,,,,,,,,,,,
Version_1,47,95,100,3,52,,,,,,,,,,,
Version_1,48,100,100,3,67,,,,,,,,,,,
Version_1,49,95,100,3,53,,,,,,,,,,,
Version_1,50,100,100,3,68,,,,,,,,,,,
Version_1,51,0,0,3,7,,,,,,,,,,,
Version_1,52,0,0,3,8,,,,,,,,,,,
Version_1,53,5,0,3,23,,,,,,,,,,,
Version_1,54,35,10,3,38,,,,,,,,,,,
Version_1,55,100,100,3,69,,,,,,,,,,,
Version_1,56,87.5,90,3,49,,,,,,,,,,,
Version_1,57,27.5,50,3,36,,,,,,,,,,,
Version_1,58,100,100,3,70,,,,,,,,,,,
Version_1,59,92.5,90,3,51,,,,,,,,,,,
Version_1,61,2.5,0,3,16,,,,,,,,,,,
Version_1,62,25,10,3,35,,,,,,,,,,,
Version_1,63,7.5,10,3,27,,,,,,,,,,,
Version_1,64,17.5,10,3,33,,,,,,,,,,,
Version_1,65,100,100,3,71,,,,,,,,,,,
Version_1,66,100,100,3,72,,,,,,,,,,,
Version_1,67,100,100,3,73,,,,,,,,,,,
Version_1,68,100,100,3,74,,,,,,,,,,,
Version_1,69,97.5,100,3,57,,,,,,,,,,,
Version_1,70,100,100,3,75,,,,,,,,,,,
Version_1,71,55,30,3,42,,,,,,,,,,,
Version_1,72,7.5,10,3,28,,,,,,,,,,,
Version_1,73,75,90,3,46,,,,,,,,,,,
Version_1,74,0,0,3,9,,,,,,,,,,,
Version_1,75,37.5,30,3,39,,,,,,,,,,,
Version_1,1,2.5,10,4,10,,,,,,,,,,,
Version_1,2,0,5,4,1,,,,,,,,,,,
Version_1,3,0,0,4,2,,,,,,,,,,,
Version_1,4,2.5,35,4,11,,,,,,,,,,,
Version_1,5,5,30,4,17,,,,,,,,,,,
Version_1,6,5,35,4,18,,,,,,,,,,,
Version_1,7,10,30,4,29,,,,,,,,,,,
Version_1,8,2.5,20,4,12,,,,,,,,,,,
Version_1,9,5,0,4,19,,,,,,,,,,,
Version_1,10,5,5,4,20,,,,,,,,,,,
Version_1,11,7.5,15,4,24,,,,,,,,,,,
Version_1,12,7.5,5,4,25,,,,,,,,,,,
Version_1,13,7.5,0,4,26,,,,,,,,,,,
Version_1,14,0,20,4,3,,,,,,,,,,,
Version_1,15,10,50,4,30,,,,,,,,,,,
Version_1,16,100,100,4,58,,,,,,,,,,,
Version_1,17,100,100,4,59,,,,,,,,,,,
Version_1,18,100,100,4,60,,,,,,,,,,,
Version_1,19,97.5,100,4,54,,,,,,,,,,,
Version_1,20,100,100,4,61,,,,,,,,,,,
Version_1,21,100,100,4,62,,,,,,,,,,,
Version_1,22,97.5,100,4,55,,,,,,,,,,,
Version_1,23,100,100,4,63,,,,,,,,,,,
Version_1,24,97.5,100,4,56,,,,,,,,,,,
Version_1,25,100,100,4,64,,,,,,,,,,,
Version_1,26,5,45,4,21,,,,,,,,,,,
Version_1,27,2.5,15,4,13,,,,,,,,,,,
Version_1,28,2.5,10,4,14,,,,,,,,,,,
Version_1,29,0,0,4,4,,,,,,,,,,,
Version_1,30,5,45,4,22,,,,,,,,,,,
Version_1,31,70,65,4,43,,,,,,,,,,,
Version_1,32,32.5,55,4,37,,,,,,,,,,,
Version_1,33,92.5,90,4,50,,,,,,,,,,,
Version_1,34,10,30,4,31,,,,,,,,,,,
Version_1,35,82.5,85,4,48,,,,,,,,,,,
Version_1,36,100,100,4,65,,,,,,,,,,,
Version_1,37,70,75,4,44,,,,,,,,,,,
Version_1,38,100,100,4,66,,,,,,,,,,,
Version_1,39,10,30,4,32,,,,,,,,,,,
Version_1,40,40,65,4,40,,,,,,,,,,,
Version_1,41,20,40,4,34,,,,,,,,,,,
Version_1,42,0,0,4,5,,,,,,,,,,,
Version_1,43,0,10,4,6,,,,,,,,,,,
Version_1,44,40,55,4,41,,,,,,,,,,,
Version_1,45,70,70,4,45,,,,,,,,,,,
Version_1,46,77.5,75,4,47,,,,,,,,,,,
Version_1,47,95,100,4,52,,,,,,,,,,,
Version_1,48,100,100,4,67,,,,,,,,,,,
Version_1,49,95,100,4,53,,,,,,,,,,,
Version_1,50,100,100,4,68,,,,,,,,,,,
Version_1,51,0,30,4,7,,,,,,,,,,,
Version_1,52,0,10,4,8,,,,,,,,,,,
Version_1,53,5,10,4,23,,,,,,,,,,,
Version_1,54,35,50,4,38,,,,,,,,,,,
Version_1,55,100,100,4,69,,,,,,,,,,,
Version_1,56,87.5,95,4,49,,,,,,,,,,,
Version_1,57,27.5,45,4,36,,,,,,,,,,,
Version_1,58,100,100,4,70,,,,,,,,,,,
Version_1,59,92.5,100,4,51,,,,,,,,,,,
Version_1,60,2.5,5,4,15,,,,,,,,,,,
Version_1,61,2.5,15,4,16,,,,,,,,,,,
Version_1,62,25,40,4,35,,,,,,,,,,,
Version_1,63,7.5,10,4,27,,,,,,,,,,,
Version_1,64,17.5,45,4,33,,,,,,,,,,,
Version_1,65,100,100,4,71,,,,,,,,,,,
Version_1,66,100,100,4,72,,,,,,,,,,,
Version_1,67,100,100,4,73,,,,,,,,,,,
Version_1,68,100,100,4,74,,,,,,,,,,,
Version_1,69,97.5,100,4,57,,,,,,,,,,,
Version_1,70,100,100,4,75,,,,,,,,,,,
Version_1,71,55,80,4,42,,,,,,,,,,,
Version_1,72,7.5,65,4,28,,,,,,,,,,,
Version_1,73,75,95,4,46,,,,,,,,,,,
Version_1,74,0,10,4,9,,,,,,,,,,,
Version_1,75,37.5,55,4,39,,,,,,,,,,,
Version_1,1,2.5,0,5,10,,,,,,,,,,,
Version_1,2,0,0,5,1,,,,,,,,,,,
Version_1,3,0,0,5,2,,,,,,,,,,,
Version_1,4,2.5,0,5,11,,,,,,,,,,,
Version_1,5,5,0,5,17,,,,,,,,,,,
Version_1,6,5,0,5,18,,,,,,,,,,,
Version_1,7,10,5,5,29,,,,,,,,,,,
Version_1,8,2.5,0,5,12,,,,,,,,,,,
Version_1,9,5,0,5,19,,,,,,,,,,,
Version_1,10,5,5,5,20,,,,,,,,,,,
Version_1,11,7.5,10,5,24,,,,,,,,,,,
Version_1,12,7.5,0,5,25,,,,,,,,,,,
Version_1,13,7.5,0,5,26,,,,,,,,,,,
Version_1,14,0,10,5,3,,,,,,,,,,,
Version_1,15,10,15,5,30,,,,,,,,,,,
Version_1,16,100,100,5,58,,,,,,,,,,,
Version_1,17,100,100,5,59,,,,,,,,,,,
Version_1,18,100,100,5,60,,,,,,,,,,,
Version_1,19,97.5,100,5,54,,,,,,,,,,,
Version_1,20,100,100,5,61,,,,,,,,,,,
Version_1,21,100,100,5,62,,,,,,,,,,,
Version_1,22,97.5,100,5,55,,,,,,,,,,,
Version_1,23,100,100,5,63,,,,,,,,,,,
Version_1,24,97.5,100,5,56,,,,,,,,,,,
Version_1,25,100,100,5,64,,,,,,,,,,,
Version_1,26,5,5,5,21,,,,,,,,,,,
Version_1,27,2.5,0,5,13,,,,,,,,,,,
Version_1,28,2.5,0,5,14,,,,,,,,,,,
Version_1,29,0,0,5,4,,,,,,,,,,,
Version_1,30,5,0,5,22,,,,,,,,,,,
Version_1,31,70,60,5,43,,,,,,,,,,,
Version_1,32,32.5,40,5,37,,,,,,,,,,,
Version_1,33,92.5,90,5,50,,,,,,,,,,,
Version_1,34,10,15,5,31,,,,,,,,,,,
Version_1,35,82.5,85,5,48,,,,,,,,,,,
Version_1,36,100,100,5,65,,,,,,,,,,,
Version_1,37,70,75,5,44,,,,,,,,,,,
Version_1,38,100,100,5,66,,,,,,,,,,,
Version_1,39,10,15,5,32,,,,,,,,,,,
Version_1,40,40,50,5,40,,,,,,,,,,,
Version_1,41,20,20,5,34,,,,,,,,,,,
Version_1,42,0,0,5,5,,,,,,,,,,,
Version_1,43,0,10,5,6,,,,,,,,,,,
Version_1,44,40,25,5,41,,,,,,,,,,,
Version_1,45,70,75,5,45,,,,,,,,,,,
Version_1,46,77.5,75,5,47,,,,,,,,,,,
Version_1,47,95,85,5,52,,,,,,,,,,,
Version_1,48,100,100,5,67,,,,,,,,,,,
Version_1,49,95,90,5,53,,,,,,,,,,,
Version_1,50,100,100,5,68,,,,,,,,,,,
Version_1,51,0,0,5,7,,,,,,,,,,,
Version_1,52,0,0,5,8,,,,,,,,,,,
Version_1,53,5,0,5,23,,,,,,,,,,,
Version_1,54,35,35,5,38,,,,,,,,,,,
Version_1,55,100,100,5,69,,,,,,,,,,,
Version_1,56,87.5,85,5,49,,,,,,,,,,,
Version_1,57,27.5,20,5,36,,,,,,,,,,,
Version_1,58,100,100,5,70,,,,,,,,,,,
Version_1,59,92.5,100,5,51,,,,,,,,,,,
Version_1,60,2.5,0,5,15,,,,,,,,,,,
Version_1,61,2.5,0,5,16,,,,,,,,,,,
Version_1,62,25,15,5,35,,,,,,,,,,,
Version_1,63,7.5,0,5,27,,,,,,,,,,,
Version_1,64,17.5,20,5,33,,,,,,,,,,,
Version_1,65,100,100,5,71,,,,,,,,,,,
Version_1,66,100,100,5,72,,,,,,,,,,,
Version_1,67,100,100,5,73,,,,,,,,,,,
Version_1,68,100,100,5,74,,,,,,,,,,,
Version_1,69,97.5,100,5,57,,,,,,,,,,,
Version_1,70,100,100,5,75,,,,,,,,,,,
Version_1,71,55,25,5,42,,,,,,,,,,,
Version_1,72,7.5,10,5,28,,,,,,,,,,,
Version_1,73,75,90,5,46,,,,,,,,,,,
Version_1,74,0,0,5,9,,,,,,,,,,,
Version_1,75,37.5,30,5,39,,,,,,,,,,,
Version_1,1,2.5,0,6,10,,,,,,,,,,,
Version_1,2,0,0,6,1,,,,,,,,,,,
Version_1,3,0,0,6,2,,,,,,,,,,,
Version_1,4,2.5,30,6,11,,,,,,,,,,,
Version_1,5,5,10,6,17,,,,,,,,,,,
Version_1,6,5,10,6,18,,,,,,,,,,,
Version_1,7,10,40,6,29,,,,,,,,,,,
Version_1,8,2.5,10,6,12,,,,,,,,,,,
Version_1,9,5,0,6,19,,,,,,,,,,,
Version_1,10,5,0,6,20,,,,,,,,,,,
Version_1,11,7.5,10,6,24,,,,,,,,,,,
Version_1,12,7.5,0,6,25,,,,,,,,,,,
Version_1,13,7.5,0,6,26,,,,,,,,,,,
Version_1,14,0,10,6,3,,,,,,,,,,,
Version_1,15,10,10,6,30,,,,,,,,,,,
Version_1,16,100,100,6,58,,,,,,,,,,,
Version_1,17,100,80,6,59,,,,,,,,,,,
Version_1,18,100,100,6,60,,,,,,,,,,,
Version_1,19,97.5,90,6,54,,,,,,,,,,,
Version_1,20,100,100,6,61,,,,,,,,,,,
Version_1,21,100,100,6,62,,,,,,,,,,,
Version_1,22,97.5,90,6,55,,,,,,,,,,,
Version_1,23,100,90,6,63,,,,,,,,,,,
Version_1,24,97.5,90,6,56,,,,,,,,,,,
Version_1,25,100,100,6,64,,,,,,,,,,,
Version_1,26,5,30,6,21,,,,,,,,,,,
Version_1,27,2.5,10,6,13,,,,,,,,,,,
Version_1,28,2.5,10,6,14,,,,,,,,,,,
Version_1,29,0,0,6,4,,,,,,,,,,,
Version_1,30,5,10,6,22,,,,,,,,,,,
Version_1,31,70,60,6,43,,,,,,,,,,,
Version_1,32,32.5,40,6,37,,,,,,,,,,,
Version_1,33,92.5,80,6,50,,,,,,,,,,,
Version_1,34,10,10,6,31,,,,,,,,,,,
Version_1,35,82.5,70,6,48,,,,,,,,,,,
Version_1,36,100,100,6,65,,,,,,,,,,,
Version_1,37,70,50,6,44,,,,,,,,,,,
Version_1,38,100,90,6,66,,,,,,,,,,,
Version_1,39,10,30,6,32,,,,,,,,,,,
Version_1,40,40,50,6,40,,,,,,,,,,,
Version_1,41,20,50,6,34,,,,,,,,,,,
Version_1,42,0,0,6,5,,,,,,,,,,,
Version_1,43,0,10,6,6,,,,,,,,,,,
Version_1,44,40,50,6,41,,,,,,,,,,,
Version_1,45,70,70,6,45,,,,,,,,,,,
Version_1,46,77.5,70,6,47,,,,,,,,,,,
Version_1,47,95,90,6,52,,,,,,,,,,,
Version_1,48,100,100,6,67,,,,,,,,,,,
Version_1,49,95,90,6,53,,,,,,,,,,,
Version_1,50,100,90,6,68,,,,,,,,,,,
Version_1,51,0,10,6,7,,,,,,,,,,,
Version_1,52,0,10,6,8,,,,,,,,,,,
Version_1,53,5,10,6,23,,,,,,,,,,,
Version_1,54,35,10,6,38,,,,,,,,,,,
Version_1,55,100,100,6,69,,,,,,,,,,,
Version_1,56,87.5,90,6,49,,,,,,,,,,,
Version_1,57,27.5,40,6,36,,,,,,,,,,,
Version_1,58,100,100,6,70,,,,,,,,,,,
Version_1,59,92.5,80,6,51,,,,,,,,,,,
Version_1,60,2.5,0,6,15,,,,,,,,,,,
Version_1,61,2.5,10,6,16,,,,,,,,,,,
Version_1,62,25,30,6,35,,,,,,,,,,,
Version_1,63,7.5,10,6,27,,,,,,,,,,,
Version_1,64,17.5,10,6,33,,,,,,,,,,,
Version_1,65,100,80,6,71,,,,,,,,,,,
Version_1,66,100,80,6,72,,,,,,,,,,,
Version_1,67,100,90,6,73,,,,,,,,,,,
Version_1,68,100,90,6,74,,,,,,,,,,,
Version_1,69,97.5,90,6,57,,,,,,,,,,,
Version_1,70,100,90,6,75,,,,,,,,,,,
Version_1,71,55,70,6,42,,,,,,,,,,,
Version_1,72,7.5,30,6,28,,,,,,,,,,,
Version_1,73,75,80,6,46,,,,,,,,,,,
Version_1,74,0,10,6,9,,,,,,,,,,,
Version_1,75,37.5,50,6,39,,,,,,,,,,,
Version_1,1,2.5,0,7,10,,,,,,,,,,,
Version_1,2,0,0,7,1,,,,,,,,,,,
Version_1,3,0,0,7,2,,,,,,,,,,,
Version_1,4,2.5,10,7,11,,,,,,,,,,,
Version_1,5,5,20,7,17,,,,,,,,,,,
Version_1,6,5,10,7,18,,,,,,,,,,,
Version_1,7,10,20,7,29,,,,,,,,,,,
Version_1,8,2.5,10,7,12,,,,,,,,,,,
Version_1,9,5,0,7,19,,,,,,,,,,,
Version_1,10,5,0,7,20,,,,,,,,,,,
Version_1,11,7.5,0,7,24,,,,,,,,,,,
Version_1,12,7.5,0,7,25,,,,,,,,,,,
Version_1,13,7.5,0,7,26,,,,,,,,,,,
Version_1,14,0,10,7,3,,,,,,,,,,,
Version_1,15,10,20,7,30,,,,,,,,,,,
Version_1,16,100,100,7,58,,,,,,,,,,,
Version_1,17,100,100,7,59,,,,,,,,,,,
Version_1,18,100,90,7,60,,,,,,,,,,,
Version_1,19,97.5,100,7,54,,,,,,,,,,,
Version_1,20,100,100,7,61,,,,,,,,,,,
Version_1,21,100,100,7,62,,,,,,,,,,,
Version_1,22,97.5,90,7,55,,,,,,,,,,,
Version_1,23,100,100,7,63,,,,,,,,,,,
Version_1,24,97.5,90,7,56,,,,,,,,,,,
Version_1,25,100,100,7,64,,,,,,,,,,,
Version_1,26,5,10,7,21,,,,,,,,,,,
Version_1,27,2.5,10,7,13,,,,,,,,,,,
Version_1,28,2.5,0,7,14,,,,,,,,,,,
Version_1,29,0,0,7,4,,,,,,,,,,,
Version_1,30,5,10,7,22,,,,,,,,,,,
Version_1,31,70,80,7,43,,,,,,,,,,,
Version_1,32,32.5,40,7,37,,,,,,,,,,,
Version_1,33,92.5,90,7,50,,,,,,,,,,,
Version_1,34,10,20,7,31,,,,,,,,,,,
Version_1,35,82.5,80,7,48,,,,,,,,,,,
Version_1,36,100,100,7,65,,,,,,,,,,,
Version_1,37,70,80,7,44,,,,,,,,,,,
Version_1,38,100,100,7,66,,,,,,,,,,,
Version_1,39,10,40,7,32,,,,,,,,,,,
Version_1,40,40,50,7,40,,,,,,,,,,,
Version_1,41,20,40,7,34,,,,,,,,,,,
Version_1,42,0,0,7,5,,,,,,,,,,,
Version_1,43,0,0,7,6,,,,,,,,,,,
Version_1,44,40,10,7,41,,,,,,,,,,,
Version_1,45,70,70,7,45,,,,,,,,,,,
Version_1,46,77.5,70,7,47,,,,,,,,,,,
Version_1,47,95,90,7,52,,,,,,,,,,,
Version_1,48,100,100,7,67,,,,,,,,,,,
Version_1,49,95,100,7,53,,,,,,,,,,,
Version_1,50,100,100,7,68,,,,,,,,,,,
Version_1,51,0,10,7,7,,,,,,,,,,,
Version_1,52,0,0,7,8,,,,,,,,,,,
Version_1,53,5,0,7,23,,,,,,,,,,,
Version_1,54,35,20,7,38,,,,,,,,,,,
Version_1,55,100,100,7,69,,,,,,,,,,,
Version_1,56,87.5,90,7,49,,,,,,,,,,,
Version_1,57,27.5,40,7,36,,,,,,,,,,,
Version_1,58,100,100,7,70,,,,,,,,,,,
Version_1,59,92.5,100,7,51,,,,,,,,,,,
Version_1,60,2.5,0,7,15,,,,,,,,,,,
Version_1,61,2.5,10,7,16,,,,,,,,,,,
Version_1,62,25,20,7,35,,,,,,,,,,,
Version_1,63,7.5,10,7,27,,,,,,,,,,,
Version_1,64,17.5,40,7,33,,,,,,,,,,,
Version_1,65,100,100,7,71,,,,,,,,,,,
Version_1,66,100,100,7,72,,,,,,,,,,,
Version_1,67,100,100,7,73,,,,,,,,,,,
Version_1,68,100,90,7,74,,,,,,,,,,,
Version_1,69,97.5,90,7,57,,,,,,,,,,,
Version_1,70,100,100,7,75,,,,,,,,,,,
Version_1,71,55,70,7,42,,,,,,,,,,,
Version_1,72,7.5,30,7,28,,,,,,,,,,,
Version_1,73,75,90,7,46,,,,,,,,,,,
Version_1,74,0,10,7,9,,,,,,,,,,,
Version_1,75,37.5,40,7,39,,,,,,,,,,,
Version_1,1,2.5,0,8,10,,,,,,,,,,,
Version_1,2,0,0,8,1,,,,,,,,,,,
Version_1,3,0,0,8,2,,,,,,,,,,,
Version_1,4,2.5,10,8,11,,,,,,,,,,,
Version_1,5,5,5,8,17,,,,,,,,,,,
Version_1,6,5,5,8,18,,,,,,,,,,,
Version_1,7,10,0,8,29,,,,,,,,,,,
Version_1,8,2.5,5,8,12,,,,,,,,,,,
Version_1,9,5,0,8,19,,,,,,,,,,,
Version_1,10,5,0,8,20,,,,,,,,,,,
Version_1,11,7.5,0,8,24,,,,,,,,,,,
Version_1,12,7.5,0,8,25,,,,,,,,,,,
Version_1,13,7.5,0,8,26,,,,,,,,,,,
Version_1,14,0,10,8,3,,,,,,,,,,,
Version_1,15,10,50,8,30,,,,,,,,,,,
Version_1,16,100,95,8,58,,,,,,,,,,,
Version_1,17,100,90,8,59,,,,,,,,,,,
Version_1,18,100,95,8,60,,,,,,,,,,,
Version_1,19,97.5,95,8,54,,,,,,,,,,,
Version_1,20,100,100,8,61,,,,,,,,,,,
Version_1,21,100,100,8,62,,,,,,,,,,,
Version_1,22,97.5,100,8,55,,,,,,,,,,,
Version_1,23,100,100,8,63,,,,,,,,,,,
Version_1,24,97.5,100,8,56,,,,,,,,,,,
Version_1,25,100,100,8,64,,,,,,,,,,,
Version_1,26,5,10,8,21,,,,,,,,,,,
Version_1,27,2.5,5,8,13,,,,,,,,,,,
Version_1,28,2.5,0,8,14,,,,,,,,,,,
Version_1,29,0,0,8,4,,,,,,,,,,,
Version_1,30,5,20,8,22,,,,,,,,,,,
Version_1,31,70,65,8,43,,,,,,,,,,,
Version_1,32,32.5,50,8,37,,,,,,,,,,,
Version_1,33,92.5,85,8,50,,,,,,,,,,,
Version_1,34,10,15,8,31,,,,,,,,,,,
Version_1,35,82.5,75,8,48,,,,,,,,,,,
Version_1,36,100,100,8,65,,,,,,,,,,,
Version_1,37,70,70,8,44,,,,,,,,,,,
Version_1,38,100,100,8,66,,,,,,,,,,,
Version_1,39,10,35,8,32,,,,,,,,,,,
Version_1,40,40,45,8,40,,,,,,,,,,,
Version_1,41,20,45,8,34,,,,,,,,,,,
Version_1,42,0,0,8,5,,,,,,,,,,,
Version_1,43,0,5,8,6,,,,,,,,,,,
Version_1,44,40,10,8,41,,,,,,,,,,,
Version_1,45,70,50,8,45,,,,,,,,,,,
Version_1,46,77.5,50,8,47,,,,,,,,,,,
Version_1,47,95,90,8,52,,,,,,,,,,,
Version_1,48,100,100,8,67,,,,,,,,,,,
Version_1,49,95,95,8,53,,,,,,,,,,,
Version_1,50,100,95,8,68,,,,,,,,,,,
Version_1,51,0,5,8,7,,,,,,,,,,,
Version_1,52,0,0,8,8,,,,,,,,,,,
Version_1,53,5,5,8,23,,,,,,,,,,,
Version_1,54,35,40,8,38,,,,,,,,,,,
Version_1,55,100,100,8,69,,,,,,,,,,,
Version_1,56,87.5,95,8,49,,,,,,,,,,,
Version_1,57,27.5,55,8,36,,,,,,,,,,,
Version_1,58,100,95,8,70,,,,,,,,,,,
Version_1,59,92.5,90,8,51,,,,,,,,,,,
Version_1,60,2.5,0,8,15,,,,,,,,,,,
Version_1,61,2.5,10,8,16,,,,,,,,,,,
Version_1,62,25,40,8,35,,,,,,,,,,,
Version_1,63,7.5,10,8,27,,,,,,,,,,,
Version_1,64,17.5,35,8,33,,,,,,,,,,,
Version_1,65,100,95,8,71,,,,,,,,,,,
Version_1,66,100,95,8,72,,,,,,,,,,,
Version_1,67,100,95,8,73,,,,,,,,,,,
Version_1,68,100,100,8,74,,,,,,,,,,,
Version_1,69,97.5,100,8,57,,,,,,,,,,,
Version_1,70,100,100,8,75,,,,,,,,,,,
Version_1,71,55,60,8,42,,,,,,,,,,,
Version_1,72,7.5,30,8,28,,,,,,,,,,,
Version_1,73,75,80,8,46,,,,,,,,,,,
Version_1,74,0,5,8,9,,,,,,,,,,,
Version_1,75,37.5,50,8,39,,,,,,,,,,,
Version_1,1,2.5,0,9,10,,,,,,,,,,,
Version_1,2,0,0,9,1,,,,,,,,,,,
Version_1,3,0,10,9,2,,,,,,,,,,,
Version_1,4,2.5,20,9,11,,,,,,,,,,,
Version_1,5,5,10,9,17,,,,,,,,,,,
Version_1,6,5,10,9,18,,,,,,,,,,,
Version_1,7,10,10,9,29,,,,,,,,,,,
Version_1,8,2.5,0,9,12,,,,,,,,,,,
Version_1,9,5,0,9,19,,,,,,,,,,,
Version_1,10,5,0,9,20,,,,,,,,,,,
Version_1,11,7.5,10,9,24,,,,,,,,,,,
Version_1,12,7.5,0,9,25,,,,,,,,,,,
Version_1,13,7.5,0,9,26,,,,,,,,,,,
Version_1,14,0,5,9,3,,,,,,,,,,,
Version_1,15,10,25,9,30,,,,,,,,,,,
Version_1,16,100,100,9,58,,,,,,,,,,,
Version_1,17,100,90,9,59,,,,,,,,,,,
Version_1,18,100,100,9,60,,,,,,,,,,,
Version_1,19,97.5,90,9,54,,,,,,,,,,,
Version_1,20,100,100,9,61,,,,,,,,,,,
Version_1,21,100,100,9,62,,,,,,,,,,,
Version_1,22,97.5,100,9,55,,,,,,,,,,,
Version_1,23,100,90,9,63,,,,,,,,,,,
Version_1,24,97.5,90,9,56,,,,,,,,,,,
Version_1,25,100,100,9,64,,,,,,,,,,,
Version_1,26,5,30,9,21,,,,,,,,,,,
Version_1,27,2.5,5,9,13,,,,,,,,,,,
Version_1,28,2.5,5,9,14,,,,,,,,,,,
Version_1,29,0,5,9,4,,,,,,,,,,,
Version_1,30,5,5,9,22,,,,,,,,,,,
Version_1,31,70,75,9,43,,,,,,,,,,,
Version_1,32,32.5,35,9,37,,,,,,,,,,,
Version_1,33,92.5,85,9,50,,,,,,,,,,,
Version_1,34,10,0,9,31,,,,,,,,,,,
Version_1,35,82.5,75,9,48,,,,,,,,,,,
Version_1,36,100,100,9,65,,,,,,,,,,,
Version_1,37,70,55,9,44,,,,,,,,,,,
Version_1,38,100,90,9,66,,,,,,,,,,,
Version_1,39,10,5,9,32,,,,,,,,,,,
Version_1,40,40,35,9,40,,,,,,,,,,,
Version_1,41,20,25,9,34,,,,,,,,,,,
Version_1,42,0,0,9,5,,,,,,,,,,,
Version_1,43,0,5,9,6,,,,,,,,,,,
Version_1,44,40,45,9,41,,,,,,,,,,,
Version_1,45,70,65,9,45,,,,,,,,,,,
Version_1,46,77.5,60,9,47,,,,,,,,,,,
Version_1,47,95,90,9,52,,,,,,,,,,,
Version_1,48,100,100,9,67,,,,,,,,,,,
Version_1,49,95,90,9,53,,,,,,,,,,,
Version_1,50,100,95,9,68,,,,,,,,,,,
Version_1,51,0,10,9,7,,,,,,,,,,,
Version_1,52,0,5,9,8,,,,,,,,,,,
Version_1,53,5,5,9,23,,,,,,,,,,,
Version_1,54,35,15,9,38,,,,,,,,,,,
Version_1,55,100,100,9,69,,,,,,,,,,,
Version_1,56,87.5,90,9,49,,,,,,,,,,,
Version_1,57,27.5,40,9,36,,,,,,,,,,,
Version_1,58,100,100,9,70,,,,,,,,,,,
Version_1,59,92.5,85,9,51,,,,,,,,,,,
Version_1,60,2.5,5,9,15,,,,,,,,,,,
Version_1,61,2.5,5,9,16,,,,,,,,,,,
Version_1,62,25,20,9,35,,,,,,,,,,,
Version_1,63,7.5,5,9,27,,,,,,,,,,,
Version_1,64,17.5,10,9,33,,,,,,,,,,,
Version_1,65,100,90,9,71,,,,,,,,,,,
Version_1,66,100,90,9,72,,,,,,,,,,,
Version_1,67,100,95,9,73,,,,,,,,,,,
Version_1,68,100,100,9,74,,,,,,,,,,,
Version_1,69,97.5,95,9,57,,,,,,,,,,,
Version_1,70,100,95,9,75,,,,,,,,,,,
Version_1,71,55,45,9,42,,,,,,,,,,,
Version_1,72,7.5,15,9,28,,,,,,,,,,,
Version_1,73,75,85,9,46,,,,,,,,,,,
Version_1,74,0,5,9,9,,,,,,,,,,,
Version_1,75,37.5,45,9,39,,,,,,,,,,,
Version_1,1,2.5,0,10,10,,,,,,,,,,,
Version_1,2,0,0,10,1,,,,,,,,,,,
Version_1,3,0,0,10,2,,,,,,,,,,,
Version_1,4,2.5,10,10,11,,,,,,,,,,,
Version_1,5,5,10,10,17,,,,,,,,,,,
Version_1,6,5,10,10,18,,,,,,,,,,,
Version_1,7,10,30,10,29,,,,,,,,,,,
Version_1,8,2.5,0,10,12,,,,,,,,,,,
Version_1,9,5,10,10,19,,,,,,,,,,,
Version_1,10,5,0,10,20,,,,,,,,,,,
Version_1,11,7.5,10,10,24,,,,,,,,,,,
Version_1,12,7.5,0,10,25,,,,,,,,,,,
Version_1,13,7.5,0,10,26,,,,,,,,,,,
Version_1,14,0,30,10,3,,,,,,,,,,,
Version_1,15,10,40,10,30,,,,,,,,,,,
Version_1,16,100,100,10,58,,,,,,,,,,,
Version_1,17,100,90,10,59,,,,,,,,,,,
Version_1,18,100,100,10,60,,,,,,,,,,,
Version_1,19,97.5,90,10,54,,,,,,,,,,,
Version_1,20,100,100,10,61,,,,,,,,,,,
Version_1,21,100,100,10,62,,,,,,,,,,,
Version_1,22,97.5,100,10,55,,,,,,,,,,,
Version_1,23,100,100,10,63,,,,,,,,,,,
Version_1,24,97.5,100,10,56,,,,,,,,,,,
Version_1,25,100,100,10,64,,,,,,,,,,,
Version_1,26,5,10,10,21,,,,,,,,,,,
Version_1,27,2.5,0,10,13,,,,,,,,,,,
Version_1,28,2.5,10,10,14,,,,,,,,,,,
Version_1,29,0,0,10,4,,,,,,,,,,,
Version_1,30,5,30,10,22,,,,,,,,,,,
Version_1,31,70,70,10,43,,,,,,,,,,,
Version_1,32,32.5,70,10,37,,,,,,,,,,,
Version_1,33,92.5,80,10,50,,,,,,,,,,,
Version_1,34,10,10,10,31,,,,,,,,,,,
Version_1,35,82.5,80,10,48,,,,,,,,,,,
Version_1,36,100,100,10,65,,,,,,,,,,,
Version_1,37,70,70,10,44,,,,,,,,,,,
Version_1,38,100,90,10,66,,,,,,,,,,,
Version_1,39,10,10,10,32,,,,,,,,,,,
Version_1,40,40,50,10,40,,,,,,,,,,,
Version_1,41,20,40,10,34,,,,,,,,,,,
Version_1,42,0,0,10,5,,,,,,,,,,,
Version_1,43,0,0,10,6,,,,,,,,,,,
Version_1,44,40,40,10,41,,,,,,,,,,,
Version_1,45,70,70,10,45,,,,,,,,,,,
Version_1,46,77.5,70,10,47,,,,,,,,,,,
Version_1,47,95,90,10,52,,,,,,,,,,,
Version_1,48,100,100,10,67,,,,,,,,,,,
Version_1,49,95,90,10,53,,,,,,,,,,,
Version_1,50,100,90,10,68,,,,,,,,,,,
Version_1,51,0,0,10,7,,,,,,,,,,,
Version_1,52,0,0,10,8,,,,,,,,,,,
Version_1,53,5,0,10,23,,,,,,,,,,,
Version_1,54,35,30,10,38,,,,,,,,,,,
Version_1,55,100,100,10,69,,,,,,,,,,,
Version_1,56,87.5,90,10,49,,,,,,,,,,,
Version_1,57,27.5,30,10,36,,,,,,,,,,,
Version_1,58,100,100,10,70,,,,,,,,,,,
Version_1,59,92.5,80,10,51,,,,,,,,,,,
Version_1,60,2.5,0,10,15,,,,,,,,,,,
Version_1,61,2.5,10,10,16,,,,,,,,,,,
Version_1,62,25,10,10,35,,,,,,,,,,,
Version_1,63,7.5,10,10,27,,,,,,,,,,,
Version_1,64,17.5,10,10,33,,,,,,,,,,,
Version_1,65,100,90,10,71,,,,,,,,,,,
Version_1,66,100,90,10,72,,,,,,,,,,,
Version_1,67,100,90,10,73,,,,,,,,,,,
Version_1,68,100,100,10,74,,,,,,,,,,,
Version_1,69,97.5,90,10,57,,,,,,,,,,,
Version_1,70,100,90,10,75,,,,,,,,,,,
Version_1,71,55,50,10,42,,,,,,,,,,,
Version_1,72,7.5,40,10,28,,,,,,,,,,,
Version_1,73,75,80,10,46,,,,,,,,,,,
Version_1,74,0,0,10,9,,,,,,,,,,,
Version_1,75,37.5,40,10,39,,,,,,,,,,,
Version_1,1,2.5,0,11,10,,,,,,,,,,,
Version_1,2,0,0,11,1,,,,,,,,,,,
Version_1,3,0,0,11,2,,,,,,,,,,,
Version_1,4,2.5,30,11,11,,,,,,,,,,,
Version_1,5,5,0,11,17,,,,,,,,,,,
Version_1,6,5,10,11,18,,,,,,,,,,,
Version_1,7,10,10,11,29,,,,,,,,,,,
Version_1,8,2.5,10,11,12,,,,,,,,,,,
Version_1,9,5,0,11,19,,,,,,,,,,,
Version_1,10,5,0,11,20,,,,,,,,,,,
Version_1,11,7.5,10,11,24,,,,,,,,,,,
Version_1,12,7.5,0,11,25,,,,,,,,,,,
Version_1,13,7.5,0,11,26,,,,,,,,,,,
Version_1,14,0,10,11,3,,,,,,,,,,,
Version_1,15,10,60,11,30,,,,,,,,,,,
Version_1,16,100,100,11,58,,,,,,,,,,,
Version_1,17,100,100,11,59,,,,,,,,,,,
Version_1,18,100,100,11,60,,,,,,,,,,,
Version_1,19,97.5,100,11,54,,,,,,,,,,,
Version_1,20,100,100,11,61,,,,,,,,,,,
Version_1,21,100,100,11,62,,,,,,,,,,,
Version_1,22,97.5,100,11,55,,,,,,,,,,,
Version_1,23,100,100,11,63,,,,,,,,,,,
Version_1,24,97.5,100,11,56,,,,,,,,,,,
Version_1,25,100,100,11,64,,,,,,,,,,,
Version_1,26,5,40,11,21,,,,,,,,,,,
Version_1,27,2.5,10,11,13,,,,,,,,,,,
Version_1,28,2.5,0,11,14,,,,,,,,,,,
Version_1,29,0,0,11,4,,,,,,,,,,,
Version_1,30,5,10,11,22,,,,,,,,,,,
Version_1,31,70,70,11,43,,,,,,,,,,,
Version_1,32,32.5,40,11,37,,,,,,,,,,,
Version_1,33,92.5,100,11,50,,,,,,,,,,,
Version_1,34,10,10,11,31,,,,,,,,,,,
Version_1,35,82.5,90,11,48,,,,,,,,,,,
Version_1,36,100,100,11,65,,,,,,,,,,,
Version_1,37,70,90,11,44,,,,,,,,,,,
Version_1,38,100,100,11,66,,,,,,,,,,,
Version_1,39,10,30,11,32,,,,,,,,,,,
Version_1,40,40,50,11,40,,,,,,,,,,,
Version_1,41,20,30,11,34,,,,,,,,,,,
Version_1,42,0,0,11,5,,,,,,,,,,,
Version_1,43,0,10,11,6,,,,,,,,,,,
Version_1,44,40,60,11,41,,,,,,,,,,,
Version_1,45,70,90,11,45,,,,,,,,,,,
Version_1,46,77.5,60,11,47,,,,,,,,,,,
Version_1,47,95,100,11,52,,,,,,,,,,,
Version_1,48,100,100,11,67,,,,,,,,,,,
Version_1,49,95,100,11,53,,,,,,,,,,,
Version_1,50,100,100,11,68,,,,,,,,,,,
Version_1,51,0,10,11,7,,,,,,,,,,,
Version_1,52,0,0,11,8,,,,,,,,,,,
Version_1,53,5,10,11,23,,,,,,,,,,,
Version_1,54,35,30,11,38,,,,,,,,,,,
Version_1,55,100,100,11,69,,,,,,,,,,,
Version_1,56,87.5,100,11,49,,,,,,,,,,,
Version_1,57,27.5,50,11,36,,,,,,,,,,,
Version_1,58,100,100,11,70,,,,,,,,,,,
Version_1,59,92.5,90,11,51,,,,,,,,,,,
Version_1,60,2.5,0,11,15,,,,,,,,,,,
Version_1,61,2.5,10,11,16,,,,,,,,,,,
Version_1,62,25,30,11,35,,,,,,,,,,,
Version_1,63,7.5,0,11,27,,,,,,,,,,,
Version_1,64,17.5,30,11,33,,,,,,,,,,,
Version_1,65,100,100,11,71,,,,,,,,,,,
Version_1,66,100,100,11,72,,,,,,,,,,,
Version_1,67,100,100,11,73,,,,,,,,,,,
Version_1,68,100,100,11,74,,,,,,,,,,,
Version_1,69,97.5,100,11,57,,,,,,,,,,,
Version_1,70,100,100,11,75,,,,,,,,,,,
Version_1,71,55,30,11,42,,,,,,,,,,,
Version_1,72,7.5,10,11,28,,,,,,,,,,,
Version_1,73,75,90,11,46,,,,,,,,,,,
Version_1,74,0,0,11,9,,,,,,,,,,,
Version_1,75,37.5,50,11,39,,,,,,,,,,,
Version_1,1,2.5,0,12,10,,,,,,,,,,,
Version_1,2,0,0,12,1,,,,,,,,,,,
Version_1,3,0,0,12,2,,,,,,,,,,,
Version_1,4,2.5,0,12,11,,,,,,,,,,,
Version_1,5,5,0,12,17,,,,,,,,,,,
Version_1,6,5,0,12,18,,,,,,,,,,,
Version_1,7,10,0,12,29,,,,,,,,,,,
Version_1,8,2.5,0,12,12,,,,,,,,,,,
Version_1,9,5,0,12,19,,,,,,,,,,,
Version_1,10,5,0,12,20,,,,,,,,,,,
Version_1,11,7.5,5,12,24,,,,,,,,,,,
Version_1,12,7.5,5,12,25,,,,,,,,,,,
Version_1,13,7.5,5,12,26,,,,,,,,,,,
Version_1,14,0,0,12,3,,,,,,,,,,,
Version_1,15,10,10,12,30,,,,,,,,,,,
Version_1,16,100,100,12,58,,,,,,,,,,,
Version_1,17,100,100,12,59,,,,,,,,,,,
Version_1,18,100,100,12,60,,,,,,,,,,,
Version_1,19,97.5,100,12,54,,,,,,,,,,,
Version_1,20,100,100,12,61,,,,,,,,,,,
Version_1,21,100,100,12,62,,,,,,,,,,,
Version_1,22,97.5,100,12,55,,,,,,,,,,,
Version_1,23,100,100,12,63,,,,,,,,,,,
Version_1,24,97.5,100,12,56,,,,,,,,,,,
Version_1,25,100,100,12,64,,,,,,,,,,,
Version_1,26,5,10,12,21,,,,,,,,,,,
Version_1,27,2.5,0,12,13,,,,,,,,,,,
Version_1,28,2.5,0,12,14,,,,,,,,,,,
Version_1,29,0,0,12,4,,,,,,,,,,,
Version_1,30,5,0,12,22,,,,,,,,,,,
Version_1,31,70,80,12,43,,,,,,,,,,,
Version_1,32,32.5,40,12,37,,,,,,,,,,,
Version_1,33,92.5,90,12,50,,,,,,,,,,,
Version_1,34,10,10,12,31,,,,,,,,,,,
Version_1,35,82.5,80,12,48,,,,,,,,,,,
Version_1,36,100,100,12,65,,,,,,,,,,,
Version_1,37,70,70,12,44,,,,,,,,,,,
Version_1,38,100,100,12,66,,,,,,,,,,,
Version_1,39,10,10,12,32,,,,,,,,,,,
Version_1,40,40,30,12,40,,,,,,,,,,,
Version_1,41,20,30,12,34,,,,,,,,,,,
Version_1,42,0,0,12,5,,,,,,,,,,,
Version_1,43,0,0,12,6,,,,,,,,,,,
Version_1,44,40,40,12,41,,,,,,,,,,,
Version_1,45,70,70,12,45,,,,,,,,,,,
Version_1,46,77.5,75,12,47,,,,,,,,,,,
Version_1,47,95,90,12,52,,,,,,,,,,,
Version_1,48,100,100,12,67,,,,,,,,,,,
Version_1,49,95,90,12,53,,,,,,,,,,,
Version_1,50,100,100,12,68,,,,,,,,,,,
Version_1,51,0,0,12,7,,,,,,,,,,,
Version_1,52,0,0,12,8,,,,,,,,,,,
Version_1,53,5,0,12,23,,,,,,,,,,,
Version_1,54,35,40,12,38,,,,,,,,,,,
Version_1,55,100,100,12,69,,,,,,,,,,,
Version_1,56,87.5,85,12,49,,,,,,,,,,,
Version_1,57,27.5,5,12,36,,,,,,,,,,,
Version_1,58,100,100,12,70,,,,,,,,,,,
Version_1,59,92.5,90,12,51,,,,,,,,,,,
Version_1,60,2.5,0,12,15,,,,,,,,,,,
Version_1,61,2.5,0,12,16,,,,,,,,,,,
Version_1,62,25,10,12,35,,,,,,,,,,,
Version_1,63,7.5,5,12,27,,,,,,,,,,,
Version_1,64,17.5,10,12,33,,,,,,,,,,,
Version_1,65,100,100,12,71,,,,,,,,,,,
Version_1,66,100,100,12,72,,,,,,,,,,,
Version_1,67,100,100,12,73,,,,,,,,,,,
Version_1,68,100,100,12,74,,,,,,,,,,,
Version_1,69,97.5,95,12,57,,,,,,,,,,,
Version_1,70,100,100,12,75,,,,,,,,,,,
Version_1,71,55,60,12,42,,,,,,,,,,,
Version_1,72,7.5,5,12,28,,,,,,,,,,,
Version_1,73,75,80,12,46,,,,,,,,,,,
Version_1,74,0,0,12,9,,,,,,,,,,,
Version_1,75,37.5,50,12,39,,,,,,,,,,,
Version_2,1,0,0,1,1,,,,,,,,,,,
Version_2,2,20,30,1,22,,,,,,,,,,,
Version_2,3,3,5,1,7,,,,,,,,,,,
Version_2,4,3,8,1,8,,,,,,,,,,,
Version_2,5,17,8,1,18,,,,,,,,,,,
Version_2,6,3,5,1,9,,,,,,,,,,,
Version_2,7,37,40,1,36,,,,,,,,,,,
Version_2,8,20,25,1,23,,,,,,,,,,,
Version_2,9,33,45,1,35,,,,,,,,,,,
Version_2,10,30,40,1,31,,,,,,,,,,,
Version_2,11,60,60,1,56,,,,,,,,,,,
Version_2,12,40,40,1,43,,,,,,,,,,,
Version_2,13,83,85,1,66,,,,,,,,,,,
Version_2,14,10,35,1,14,,,,,,,,,,,
Version_2,15,7,30,1,12,,,,,,,,,,,
Version_2,16,30,35,1,32,,,,,,,,,,,
Version_2,17,50,65,1,49,,,,,,,,,,,
Version_2,18,50,70,1,50,,,,,,,,,,,
Version_2,19,43,30,1,45,,,,,,,,,,,
Version_2,20,17,20,1,19,,,,,,,,,,,
Version_2,21,0,0,1,2,,,,,,,,,,,
Version_2,22,87,85,1,68,,,,,,,,,,,
Version_2,23,47,60,1,48,,,,,,,,,,,
Version_2,24,23,30,1,26,,,,,,,,,,,
Version_2,25,13,25,1,15,,,,,,,,,,,
Version_2,26,90,90,1,71,,,,,,,,,,,
Version_2,27,23,30,1,27,,,,,,,,,,,
Version_2,28,37,35,1,37,,,,,,,,,,,
Version_2,29,23,5,1,28,,,,,,,,,,,
Version_2,30,63,65,1,59,,,,,,,,,,,
Version_2,31,3,5,1,10,,,,,,,,,,,
Version_2,32,100,95,1,77,,,,,,,,,,,
Version_2,33,30,20,1,33,,,,,,,,,,,
Version_2,34,83,80,1,67,,,,,,,,,,,
Version_2,35,80,80,1,64,,,,,,,,,,,
Version_2,36,13,30,1,16,,,,,,,,,,,
Version_2,37,80,80,1,65,,,,,,,,,,,
Version_2,38,7,5,1,13,,,,,,,,,,,
Version_2,39,37,40,1,38,,,,,,,,,,,
Version_2,40,87,90,1,69,,,,,,,,,,,
Version_2,41,30,10,1,34,,,,,,,,,,,
Version_2,42,70,80,1,60,,,,,,,,,,,
Version_2,43,0,5,1,3,,,,,,,,,,,
Version_2,44,43,45,1,46,,,,,,,,,,,
Version_2,45,73,80,1,62,,,,,,,,,,,
Version_2,46,90,90,1,72,,,,,,,,,,,
Version_2,47,50,60,1,51,,,,,,,,,,,
Version_2,48,3,0,1,11,,,,,,,,,,,
Version_2,49,0,5,1,4,,,,,,,,,,,
Version_2,50,40,40,1,44,,,,,,,,,,,
Version_2,51,0,0,1,5,,,,,,,,,,,
Version_2,52,13,10,1,17,,,,,,,,,,,
Version_2,53,20,20,1,24,,,,,,,,,,,
Version_2,54,17,0,1,20,,,,,,,,,,,
Version_2,55,53,70,1,52,,,,,,,,,,,
Version_2,56,37,20,1,39,,,,,,,,,,,
Version_2,57,17,20,1,21,,,,,,,,,,,
Version_2,58,23,15,1,29,,,,,,,,,,,
Version_2,59,90,90,1,73,,,,,,,,,,,
Version_2,60,87,80,1,70,,,,,,,,,,,
Version_2,61,53,55,1,53,,,,,,,,,,,
Version_2,62,43,40,1,47,,,,,,,,,,,
Version_2,63,37,40,1,40,,,,,,,,,,,
Version_2,64,60,60,1,57,,,,,,,,,,,
Version_2,65,20,25,1,25,,,,,,,,,,,
Version_2,66,27,30,1,30,,,,,,,,,,,
Version_2,67,57,60,1,55,,,,,,,,,,,
Version_2,68,73,80,1,63,,,,,,,,,,,
Version_2,69,37,40,1,41,,,,,,,,,,,
Version_2,70,70,75,1,61,,,,,,,,,,,
Version_2,71,53,55,1,54,,,,,,,,,,,
Version_2,72,90,90,1,74,,,,,,,,,,,
Version_2,73,100,98,1,78,,,,,,,,,,,
Version_2,74,100,98,1,79,,,,,,,,,,,
Version_2,75,37,40,1,42,,,,,,,,,,,
Version_2,76,97,100,1,76,,,,,,,,,,,
Version_2,77,100,100,1,80,,,,,,,,,,,
Version_2,78,100,100,1,81,,,,,,,,,,,
Version_2,79,100,100,1,82,,,,,,,,,,,
Version_2,80,100,100,1,83,,,,,,,,,,,
Version_2,81,100,100,1,84,,,,,,,,,,,
Version_2,82,100,98,1,85,,,,,,,,,,,
Version_2,83,100,100,1,86,,,,,,,,,,,
Version_2,84,100,100,1,87,,,,,,,,,,,
Version_2,85,60,65,1,58,,,,,,,,,,,
Version_2,86,100,100,1,88,,,,,,,,,,,
Version_2,87,90,95,1,75,,,,,,,,,,,
Version_2,88,100,100,1,89,,,,,,,,,,,
Version_2,89,100,98,1,90,,,,,,,,,,,
Version_2,90,0,0,1,6,,,,,,,,,,,
Version_2,1,0,0,2,1,,,,,,,,,,,
Version_2,2,20,15,2,22,,,,,,,,,,,
Version_2,3,3,3,2,7,,,,,,,,,,,
Version_2,4,3,3,2,8,,,,,,,,,,,
Version_2,5,17,4,2,18,,,,,,,,,,,
Version_2,6,3,0,2,9,,,,,,,,,,,
Version_2,7,37,25,2,36,,,,,,,,,,,
Version_2,8,20,20,2,23,,,,,,,,,,,
Version_2,9,33,28,2,35,,,,,,,,,,,
Version_2,10,30,10,2,31,,,,,,,,,,,
Version_2,11,60,45,2,56,,,,,,,,,,,
Version_2,12,40,35,2,43,,,,,,,,,,,
Version_2,13,83,77,2,66,,,,,,,,,,,
Version_2,14,10,37,2,14,,,,,,,,,,,
Version_2,15,7,20,2,12,,,,,,,,,,,
Version_2,16,30,26,2,32,,,,,,,,,,,
Version_2,17,50,56,2,49,,,,,,,,,,,
Version_2,18,50,55,2,50,,,,,,,,,,,
Version_2,19,43,60,2,45,,,,,,,,,,,
Version_2,20,17,20,2,19,,,,,,,,,,,
Version_2,21,0,2,2,2,,,,,,,,,,,
Version_2,22,87,79,2,68,,,,,,,,,,,
Version_2,23,47,67,2,48,,,,,,,,,,,
Version_2,24,23,25,2,26,,,,,,,,,,,
Version_2,25,13,17,2,15,,,,,,,,,,,
Version_2,26,90,96,2,71,,,,,,,,,,,
Version_2,27,23,12,2,27,,,,,,,,,,,
Version_2,28,37,18,2,37,,,,,,,,,,,
Version_2,29,23,7,2,28,,,,,,,,,,,
Version_2,30,63,69,2,59,,,,,,,,,,,
Version_2,31,3,4,2,10,,,,,,,,,,,
Version_2,32,100,100,2,77,,,,,,,,,,,
Version_2,33,30,12,2,33,,,,,,,,,,,
Version_2,34,83,83,2,67,,,,,,,,,,,
Version_2,35,80,79,2,64,,,,,,,,,,,
Version_2,36,13,27,2,16,,,,,,,,,,,
Version_2,37,80,64,2,65,,,,,,,,,,,
Version_2,38,7,6,2,13,,,,,,,,,,,
Version_2,39,37,20,2,38,,,,,,,,,,,
Version_2,40,87,96,2,69,,,,,,,,,,,
Version_2,41,30,13,2,34,,,,,,,,,,,
Version_2,42,70,72,2,60,,,,,,,,,,,
Version_2,43,0,0,2,3,,,,,,,,,,,
Version_2,44,43,27,2,46,,,,,,,,,,,
Version_2,45,73,55,2,62,,,,,,,,,,,
Version_2,46,90,98,2,72,,,,,,,,,,,
Version_2,47,50,28,2,51,,,,,,,,,,,
Version_2,48,3,2,2,11,,,,,,,,,,,
Version_2,49,0,1,2,4,,,,,,,,,,,
Version_2,50,40,22,2,44,,,,,,,,,,,
Version_2,51,0,3,2,5,,,,,,,,,,,
Version_2,52,13,9,2,17,,,,,,,,,,,
Version_2,53,20,7,2,24,,,,,,,,,,,
Version_2,54,17,10,2,20,,,,,,,,,,,
Version_2,55,53,16,2,52,,,,,,,,,,,
Version_2,56,37,19,2,39,,,,,,,,,,,
Version_2,57,17,12,2,21,,,,,,,,,,,
Version_2,58,23,10,2,29,,,,,,,,,,,
Version_2,59,90,100,2,73,,,,,,,,,,,
Version_2,60,87,96,2,70,,,,,,,,,,,
Version_2,61,53,37,2,53,,,,,,,,,,,
Version_2,62,43,23,2,47,,,,,,,,,,,
Version_2,63,37,20,2,40,,,,,,,,,,,
Version_2,64,60,60,2,57,,,,,,,,,,,
Version_2,65,20,8,2,25,,,,,,,,,,,
Version_2,66,27,8,2,30,,,,,,,,,,,
Version_2,67,57,38,2,55,,,,,,,,,,,
Version_2,68,73,50,2,63,,,,,,,,,,,
Version_2,69,37,24,2,41,,,,,,,,,,,
Version_2,70,70,70,2,61,,,,,,,,,,,
Version_2,71,53,43,2,54,,,,,,,,,,,
Version_2,72,90,99,2,74,,,,,,,,,,,
Version_2,73,100,100,2,78,,,,,,,,,,,
Version_2,74,100,100,2,79,,,,,,,,,,,
Version_2,75,37,37,2,42,,,,,,,,,,,
Version_2,76,97,100,2,76,,,,,,,,,,,
Version_2,77,100,100,2,80,,,,,,,,,,,
Version_2,78,100,100,2,81,,,,,,,,,,,
Version_2,79,100,100,2,82,,,,,,,,,,,
Version_2,80,100,100,2,83,,,,,,,,,,,
Version_2,81,100,100,2,84,,,,,,,,,,,
Version_2,82,100,100,2,85,,,,,,,,,,,
Version_2,83,100,100,2,86,,,,,,,,,,,
Version_2,84,100,100,2,87,,,,,,,,,,,
Version_2,85,60,64,2,58,,,,,,,,,,,
Version_2,86,100,100,2,88,,,,,,,,,,,
Version_2,87,90,100,2,75,,,,,,,,,,,
Version_2,88,100,100,2,89,,,,,,,,,,,
Version_2,89,100,100,2,90,,,,,,,,,,,
Version_2,90,0,1,2,6,,,,,,,,,,,
Version_2,1,0,0,3,1,,,,,,,,,,,
Version_2,2,20,5,3,22,,,,,,,,,,,
Version_2,3,3,0,3,7,,,,,,,,,,,
Version_2,4,3,0,3,8,,,,,,,,,,,
Version_2,5,17,10,3,18,,,,,,,,,,,
Version_2,6,3,0,3,9,,,,,,,,,,,
Version_2,7,37,30,3,36,,,,,,,,,,,
Version_2,8,20,20,3,23,,,,,,,,,,,
Version_2,9,33,50,3,35,,,,,,,,,,,
Version_2,10,30,10,3,31,,,,,,,,,,,
Version_2,11,60,60,3,56,,,,,,,,,,,
Version_2,12,40,30,3,43,,,,,,,,,,,
Version_2,13,83,90,3,66,,,,,,,,,,,
Version_2,14,10,10,3,14,,,,,,,,,,,
Version_2,15,7,10,3,12,,,,,,,,,,,
Version_2,16,30,20,3,32,,,,,,,,,,,
Version_2,17,50,65,3,49,,,,,,,,,,,
Version_2,18,50,55,3,50,,,,,,,,,,,
Version_2,19,43,40,3,45,,,,,,,,,,,
Version_2,20,17,15,3,19,,,,,,,,,,,
Version_2,21,0,0,3,2,,,,,,,,,,,
Version_2,22,87,85,3,68,,,,,,,,,,,
Version_2,23,47,25,3,48,,,,,,,,,,,
Version_2,24,23,20,3,26,,,,,,,,,,,
Version_2,25,13,15,3,15,,,,,,,,,,,
Version_2,26,90,95,3,71,,,,,,,,,,,
Version_2,27,23,15,3,27,,,,,,,,,,,
Version_2,28,37,30,3,37,,,,,,,,,,,
Version_2,29,23,15,3,28,,,,,,,,,,,
Version_2,30,63,70,3,59,,,,,,,,,,,
Version_2,31,3,5,3,10,,,,,,,,,,,
Version_2,32,100,100,3,77,,,,,,,,,,,
Version_2,33,30,10,3,33,,,,,,,,,,,
Version_2,34,83,90,3,67,,,,,,,,,,,
Version_2,35,80,70,3,64,,,,,,,,,,,
Version_2,36,13,30,3,16,,,,,,,,,,,
Version_2,37,80,80,3,65,,,,,,,,,,,
Version_2,38,7,15,3,13,,,,,,,,,,,
Version_2,39,37,20,3,38,,,,,,,,,,,
Version_2,40,87,95,3,69,,,,,,,,,,,
Version_2,41,30,5,3,34,,,,,,,,,,,
Version_2,42,70,80,3,60,,,,,,,,,,,
Version_2,43,0,0,3,3,,,,,,,,,,,
Version_2,44,43,40,3,46,,,,,,,,,,,
Version_2,45,73,80,3,62,,,,,,,,,,,
Version_2,46,90,90,3,72,,,,,,,,,,,
Version_2,47,50,30,3,51,,,,,,,,,,,
Version_2,48,3,0,3,11,,,,,,,,,,,
Version_2,49,0,0,3,4,,,,,,,,,,,
Version_2,50,40,50,3,44,,,,,,,,,,,
Version_2,51,0,0,3,5,,,,,,,,,,,
Version_2,52,13,5,3,17,,,,,,,,,,,
Version_2,53,20,5,3,24,,,,,,,,,,,
Version_2,54,17,0,3,20,,,,,,,,,,,
Version_2,55,53,65,3,52,,,,,,,,,,,
Version_2,56,37,45,3,39,,,,,,,,,,,
Version_2,57,17,10,3,21,,,,,,,,,,,
Version_2,58,23,15,3,29,,,,,,,,,,,
Version_2,59,90,95,3,73,,,,,,,,,,,
Version_2,60,87,80,3,70,,,,,,,,,,,
Version_2,61,53,40,3,53,,,,,,,,,,,
Version_2,62,43,45,3,47,,,,,,,,,,,
Version_2,63,37,40,3,40,,,,,,,,,,,
Version_2,64,60,65,3,57,,,,,,,,,,,
Version_2,65,20,10,3,25,,,,,,,,,,,
Version_2,66,27,20,3,30,,,,,,,,,,,
Version_2,67,57,65,3,55,,,,,,,,,,,
Version_2,68,73,75,3,63,,,,,,,,,,,
Version_2,69,37,50,3,41,,,,,,,,,,,
Version_2,70,70,70,3,61,,,,,,,,,,,
Version_2,71,53,55,3,54,,,,,,,,,,,
Version_2,72,90,90,3,74,,,,,,,,,,,
Version_2,73,100,100,3,78,,,,,,,,,,,
Version_2,74,100,100,3,79,,,,,,,,,,,
Version_2,75,37,25,3,42,,,,,,,,,,,
Version_2,76,97,100,3,76,,,,,,,,,,,
Version_2,77,100,100,3,80,,,,,,,,,,,
Version_2,78,100,100,3,81,,,,,,,,,,,
Version_2,79,100,100,3,82,,,,,,,,,,,
Version_2,80,100,100,3,83,,,,,,,,,,,
Version_2,81,100,100,3,84,,,,,,,,,,,
Version_2,82,100,100,3,85,,,,,,,,,,,
Version_2,83,100,100,3,86,,,,,,,,,,,
Version_2,84,100,100,3,87,,,,,,,,,,,
Version_2,85,60,60,3,58,,,,,,,,,,,
Version_2,86,100,100,3,88,,,,,,,,,,,
Version_2,87,90,90,3,75,,,,,,,,,,,
Version_2,88,100,100,3,89,,,,,,,,,,,
Version_2,89,100,100,3,90,,,,,,,,,,,
Version_2,90,0,0,3,6,,,,,,,,,,,
Version_2,1,0,0,4,1,,,,,,,,,,,
Version_2,2,20,30,4,22,,,,,,,,,,,
Version_2,3,3,10,4,7,,,,,,,,,,,
Version_2,4,3,10,4,8,,,,,,,,,,,
Version_2,5,17,20,4,18,,,,,,,,,,,
Version_2,6,3,10,4,9,,,,,,,,,,,
Version_2,7,37,40,4,36,,,,,,,,,,,
Version_2,8,20,30,4,23,,,,,,,,,,,
Version_2,9,33,30,4,35,,,,,,,,,,,
Version_2,10,30,20,4,31,,,,,,,,,,,
Version_2,11,60,50,4,56,,,,,,,,,,,
Version_2,12,40,40,4,43,,,,,,,,,,,
Version_2,13,83,80,4,66,,,,,,,,,,,
Version_2,14,10,10,4,14,,,,,,,,,,,
Version_2,15,7,0,4,12,,,,,,,,,,,
Version_2,16,30,20,4,32,,,,,,,,,,,
Version_2,17,50,10,4,49,,,,,,,,,,,
Version_2,18,50,10,4,50,,,,,,,,,,,
Version_2,19,43,30,4,45,,,,,,,,,,,
Version_2,20,17,20,4,19,,,,,,,,,,,
Version_2,21,0,0,4,2,,,,,,,,,,,
Version_2,22,87,80,4,68,,,,,,,,,,,
Version_2,23,47,50,4,48,,,,,,,,,,,
Version_2,24,23,20,4,26,,,,,,,,,,,
Version_2,25,13,10,4,15,,,,,,,,,,,
Version_2,26,90,90,4,71,,,,,,,,,,,
Version_2,27,23,10,4,27,,,,,,,,,,,
Version_2,28,37,30,4,37,,,,,,,,,,,
Version_2,29,23,0,4,28,,,,,,,,,,,
Version_2,30,63,60,4,59,,,,,,,,,,,
Version_2,31,3,10,4,10,,,,,,,,,,,
Version_2,32,100,100,4,77,,,,,,,,,,,
Version_2,33,30,10,4,33,,,,,,,,,,,
Version_2,34,83,80,4,67,,,,,,,,,,,
Version_2,35,80,80,4,64,,,,,,,,,,,
Version_2,36,13,20,4,16,,,,,,,,,,,
Version_2,37,80,70,4,65,,,,,,,,,,,
Version_2,38,7,10,4,13,,,,,,,,,,,
Version_2,39,37,30,4,38,,,,,,,,,,,
Version_2,40,87,90,4,69,,,,,,,,,,,
Version_2,41,30,10,4,34,,,,,,,,,,,
Version_2,42,70,80,4,60,,,,,,,,,,,
Version_2,43,0,0,4,3,,,,,,,,,,,
Version_2,44,43,40,4,46,,,,,,,,,,,
Version_2,45,73,60,4,62,,,,,,,,,,,
Version_2,46,90,90,4,72,,,,,,,,,,,
Version_2,47,50,40,4,51,,,,,,,,,,,
Version_2,48,3,0,4,11,,,,,,,,,,,
Version_2,49,0,0,4,4,,,,,,,,,,,
Version_2,50,40,50,4,44,,,,,,,,,,,
Version_2,51,0,0,4,5,,,,,,,,,,,
Version_2,52,13,10,4,17,,,,,,,,,,,
Version_2,53,20,20,4,24,,,,,,,,,,,
Version_2,54,17,20,4,20,,,,,,,,,,,
Version_2,55,53,40,4,52,,,,,,,,,,,
Version_2,56,37,50,4,39,,,,,,,,,,,
Version_2,57,17,20,4,21,,,,,,,,,,,
Version_2,58,23,10,4,29,,,,,,,,,,,
Version_2,59,90,100,4,73,,,,,,,,,,,
Version_2,60,87,80,4,70,,,,,,,,,,,
Version_2,61,53,70,4,53,,,,,,,,,,,
Version_2,62,43,40,4,47,,,,,,,,,,,
Version_2,63,37,30,4,40,,,,,,,,,,,
Version_2,64,60,60,4,57,,,,,,,,,,,
Version_2,65,20,30,4,25,,,,,,,,,,,
Version_2,66,27,10,4,30,,,,,,,,,,,
Version_2,67,57,60,4,55,,,,,,,,,,,
Version_2,68,73,80,4,63,,,,,,,,,,,
Version_2,69,37,40,4,41,,,,,,,,,,,
Version_2,70,70,70,4,61,,,,,,,,,,,
Version_2,71,53,50,4,54,,,,,,,,,,,
Version_2,72,90,90,4,74,,,,,,,,,,,
Version_2,73,100,100,4,78,,,,,,,,,,,
Version_2,74,100,90,4,79,,,,,,,,,,,
Version_2,75,37,40,4,42,,,,,,,,,,,
Version_2,76,97,100,4,76,,,,,,,,,,,
Version_2,77,100,100,4,80,,,,,,,,,,,
Version_2,78,100,100,4,81,,,,,,,,,,,
Version_2,79,100,100,4,82,,,,,,,,,,,
Version_2,80,100,100,4,83,,,,,,,,,,,
Version_2,81,100,100,4,84,,,,,,,,,,,
Version_2,82,100,100,4,85,,,,,,,,,,,
Version_2,83,100,100,4,86,,,,,,,,,,,
Version_2,84,100,100,4,87,,,,,,,,,,,
Version_2,85,60,60,4,58,,,,,,,,,,,
Version_2,86,100,100,4,88,,,,,,,,,,,
Version_2,87,90,90,4,75,,,,,,,,,,,
Version_2,88,100,100,4,89,,,,,,,,,,,
Version_2,89,100,100,4,90,,,,,,,,,,,
Version_2,90,0,0,4,6,,,,,,,,,,,
Version_2,1,0,0,5,1,,,,,,,,,,,
Version_2,2,20,30,5,22,,,,,,,,,,,
Version_2,3,3,10,5,7,,,,,,,,,,,
Version_2,4,3,20,5,8,,,,,,,,,,,
Version_2,5,17,10,5,18,,,,,,,,,,,
Version_2,6,3,10,5,9,,,,,,,,,,,
Version_2,7,37,40,5,36,,,,,,,,,,,
Version_2,8,20,40,5,23,,,,,,,,,,,
Version_2,9,33,30,5,35,,,,,,,,,,,
Version_2,10,30,20,5,31,,,,,,,,,,,
Version_2,11,60,60,5,56,,,,,,,,,,,
Version_2,12,40,40,5,43,,,,,,,,,,,
Version_2,13,83,60,5,66,,,,,,,,,,,
Version_2,14,10,20,5,14,,,,,,,,,,,
Version_2,15,7,10,5,12,,,,,,,,,,,
Version_2,16,30,20,5,32,,,,,,,,,,,
Version_2,17,50,10,5,49,,,,,,,,,,,
Version_2,18,50,10,5,50,,,,,,,,,,,
Version_2,19,43,50,5,45,,,,,,,,,,,
Version_2,20,17,10,5,19,,,,,,,,,,,
Version_2,21,0,0,5,2,,,,,,,,,,,
Version_2,22,87,80,5,68,,,,,,,,,,,
Version_2,23,47,20,5,48,,,,,,,,,,,
Version_2,24,23,20,5,26,,,,,,,,,,,
Version_2,25,13,10,5,15,,,,,,,,,,,
Version_2,26,90,70,5,71,,,,,,,,,,,
Version_2,27,23,10,5,27,,,,,,,,,,,
Version_2,28,37,30,5,37,,,,,,,,,,,
Version_2,29,23,0,5,28,,,,,,,,,,,
Version_2,30,63,60,5,59,,,,,,,,,,,
Version_2,31,3,0,5,10,,,,,,,,,,,
Version_2,32,100,90,5,77,,,,,,,,,,,
Version_2,33,30,10,5,33,,,,,,,,,,,
Version_2,34,83,70,5,67,,,,,,,,,,,
Version_2,35,80,70,5,64,,,,,,,,,,,
Version_2,36,13,20,5,16,,,,,,,,,,,
Version_2,37,80,60,5,65,,,,,,,,,,,
Version_2,38,7,0,5,13,,,,,,,,,,,
Version_2,39,37,20,5,38,,,,,,,,,,,
Version_2,40,87,90,5,69,,,,,,,,,,,
Version_2,41,30,0,5,34,,,,,,,,,,,
Version_2,42,70,70,5,60,,,,,,,,,,,
Version_2,43,0,0,5,3,,,,,,,,,,,
Version_2,44,43,40,5,46,,,,,,,,,,,
Version_2,45,73,60,5,62,,,,,,,,,,,
Version_2,46,90,90,5,72,,,,,,,,,,,
Version_2,47,50,40,5,51,,,,,,,,,,,
Version_2,48,3,0,5,11,,,,,,,,,,,
Version_2,49,0,0,5,4,,,,,,,,,,,
Version_2,50,40,40,5,44,,,,,,,,,,,
Version_2,51,0,0,5,5,,,,,,,,,,,
Version_2,52,13,0,5,17,,,,,,,,,,,
Version_2,53,20,10,5,24,,,,,,,,,,,
Version_2,54,17,30,5,20,,,,,,,,,,,
Version_2,55,53,40,5,52,,,,,,,,,,,
Version_2,56,37,40,5,39,,,,,,,,,,,
Version_2,57,17,20,5,21,,,,,,,,,,,
Version_2,58,23,10,5,29,,,,,,,,,,,
Version_2,59,90,90,5,73,,,,,,,,,,,
Version_2,60,87,70,5,70,,,,,,,,,,,
Version_2,61,53,60,5,53,,,,,,,,,,,
Version_2,62,43,10,5,47,,,,,,,,,,,
Version_2,63,37,10,5,40,,,,,,,,,,,
Version_2,64,60,60,5,57,,,,,,,,,,,
Version_2,65,20,10,5,25,,,,,,,,,,,
Version_2,66,27,10,5,30,,,,,,,,,,,
Version_2,67,57,40,5,55,,,,,,,,,,,
Version_2,69,37,40,5,41,,,,,,,,,,,
Version_2,70,70,50,5,61,,,,,,,,,,,
Version_2,71,53,60,5,54,,,,,,,,,,,
Version_2,72,90,90,5,74,,,,,,,,,,,
Version_2,73,100,100,5,78,,,,,,,,,,,
Version_2,74,100,90,5,79,,,,,,,,,,,
Version_2,75,37,40,5,42,,,,,,,,,,,
Version_2,76,97,100,5,76,,,,,,,,,,,
Version_2,77,100,100,5,80,,,,,,,,,,,
Version_2,78,100,100,5,81,,,,,,,,,,,
Version_2,79,100,100,5,82,,,,,,,,,,,
Version_2,80,100,100,5,83,,,,,,,,,,,
Version_2,81,100,100,5,84,,,,,,,,,,,
Version_2,82,100,100,5,85,,,,,,,,,,,
Version_2,83,100,100,5,86,,,,,,,,,,,
Version_2,84,100,100,5,87,,,,,,,,,,,
Version_2,85,60,60,5,58,,,,,,,,,,,
Version_2,86,100,100,5,88,,,,,,,,,,,
Version_2,87,90,90,5,75,,,,,,,,,,,
Version_2,88,100,100,5,89,,,,,,,,,,,
Version_2,89,100,90,5,90,,,,,,,,,,,
Version_2,90,0,0,5,6,,,,,,,,,,,
Version_2,1,0,0,6,1,,,,,,,,,,,
Version_2,2,20,10,6,22,,,,,,,,,,,
Version_2,3,3,0,6,7,,,,,,,,,,,
Version_2,4,3,25,6,8,,,,,,,,,,,
Version_2,5,17,30,6,18,,,,,,,,,,,
Version_2,6,3,20,6,9,,,,,,,,,,,
Version_2,7,37,50,6,36,,,,,,,,,,,
Version_2,8,20,25,6,23,,,,,,,,,,,
Version_2,9,33,40,6,35,,,,,,,,,,,
Version_2,10,30,30,6,31,,,,,,,,,,,
Version_2,11,60,60,6,56,,,,,,,,,,,
Version_2,12,40,40,6,43,,,,,,,,,,,
Version_2,13,83,75,6,66,,,,,,,,,,,
Version_2,14,10,30,6,14,,,,,,,,,,,
Version_2,15,7,30,6,12,,,,,,,,,,,
Version_2,16,30,30,6,32,,,,,,,,,,,
Version_2,17,50,55,6,49,,,,,,,,,,,
Version_2,18,50,50,6,50,,,,,,,,,,,
Version_2,19,43,50,6,45,,,,,,,,,,,
Version_2,20,17,10,6,19,,,,,,,,,,,
Version_2,21,0,0,6,2,,,,,,,,,,,
Version_2,22,87,80,6,68,,,,,,,,,,,
Version_2,23,47,40,6,48,,,,,,,,,,,
Version_2,24,23,30,6,26,,,,,,,,,,,
Version_2,25,13,25,6,15,,,,,,,,,,,
Version_2,26,90,80,6,71,,,,,,,,,,,
Version_2,27,23,10,6,27,,,,,,,,,,,
Version_2,28,37,35,6,37,,,,,,,,,,,
Version_2,29,23,0,6,28,,,,,,,,,,,
Version_2,30,63,65,6,59,,,,,,,,,,,
Version_2,31,3,0,6,10,,,,,,,,,,,
Version_2,32,100,100,6,77,,,,,,,,,,,
Version_2,33,30,10,6,33,,,,,,,,,,,
Version_2,34,83,80,6,67,,,,,,,,,,,
Version_2,35,80,75,6,64,,,,,,,,,,,
Version_2,36,13,20,6,16,,,,,,,,,,,
Version_2,37,80,80,6,65,,,,,,,,,,,
Version_2,38,7,0,6,13,,,,,,,,,,,
Version_2,39,37,40,6,38,,,,,,,,,,,
Version_2,40,87,80,6,69,,,,,,,,,,,
Version_2,41,30,30,6,34,,,,,,,,,,,
Version_2,42,70,75,6,60,,,,,,,,,,,
Version_2,43,0,5,6,3,,,,,,,,,,,
Version_2,44,43,40,6,46,,,,,,,,,,,
Version_2,45,73,60,6,62,,,,,,,,,,,
Version_2,46,90,90,6,72,,,,,,,,,,,
Version_2,47,50,40,6,51,,,,,,,,,,,
Version_2,48,3,0,6,11,,,,,,,,,,,
Version_2,49,0,0,6,4,,,,,,,,,,,
Version_2,50,40,40,6,44,,,,,,,,,,,
Version_2,51,0,0,6,5,,,,,,,,,,,
Version_2,52,13,10,6,17,,,,,,,,,,,
Version_2,53,20,10,6,24,,,,,,,,,,,
Version_2,54,17,45,6,20,,,,,,,,,,,
Version_2,55,53,50,6,52,,,,,,,,,,,
Version_2,56,37,40,6,39,,,,,,,,,,,
Version_2,57,17,20,6,21,,,,,,,,,,,
Version_2,58,23,10,6,29,,,,,,,,,,,
Version_2,59,90,95,6,73,,,,,,,,,,,
Version_2,60,87,80,6,70,,,,,,,,,,,
Version_2,61,53,60,6,53,,,,,,,,,,,
Version_2,62,43,40,6,47,,,,,,,,,,,
Version_2,63,37,30,6,40,,,,,,,,,,,
Version_2,64,60,50,6,57,,,,,,,,,,,
Version_2,65,20,10,6,25,,,,,,,,,,,
Version_2,66,27,5,6,30,,,,,,,,,,,
Version_2,67,57,60,6,55,,,,,,,,,,,
Version_2,68,73,70,6,63,,,,,,,,,,,
Version_2,69,37,40,6,41,,,,,,,,,,,
Version_2,70,70,70,6,61,,,,,,,,,,,
Version_2,71,53,70,6,54,,,,,,,,,,,
Version_2,72,90,100,6,74,,,,,,,,,,,
Version_2,73,100,100,6,78,,,,,,,,,,,
Version_2,74,100,95,6,79,,,,,,,,,,,
Version_2,75,37,40,6,42,,,,,,,,,,,
Version_2,76,97,100,6,76,,,,,,,,,,,
Version_2,77,100,100,6,80,,,,,,,,,,,
Version_2,78,100,100,6,81,,,,,,,,,,,
Version_2,79,100,100,6,82,,,,,,,,,,,
Version_2,80,100,100,6,83,,,,,,,,,,,
Version_2,81,100,100,6,84,,,,,,,,,,,
Version_2,82,100,95,6,85,,,,,,,,,,,
Version_2,83,100,100,6,86,,,,,,,,,,,
Version_2,84,100,100,6,87,,,,,,,,,,,
Version_2,85,60,70,6,58,,,,,,,,,,,
Version_2,86,100,100,6,88,,,,,,,,,,,
Version_2,87,90,90,6,75,,,,,,,,,,,
Version_2,88,100,100,6,89,,,,,,,,,,,
Version_2,89,100,95,6,90,,,,,,,,,,,
Version_2,90,0,0,6,6,,,,,,,,,,,
Version_2,1,0,0,7,1,,,,,,,,,,,
Version_2,2,20,15,7,22,,,,,,,,,,,
Version_2,3,3,5,7,7,,,,,,,,,,,
Version_2,4,3,10,7,8,,,,,,,,,,,
Version_2,5,17,15,7,18,,,,,,,,,,,
Version_2,6,3,10,7,9,,,,,,,,,,,
Version_2,7,37,30,7,36,,,,,,,,,,,
Version_2,8,20,10,7,23,,,,,,,,,,,
Version_2,9,33,20,7,35,,,,,,,,,,,
Version_2,10,30,20,7,31,,,,,,,,,,,
Version_2,11,60,50,7,56,,,,,,,,,,,
Version_2,12,40,40,7,43,,,,,,,,,,,
Version_2,13,83,60,7,66,,,,,,,,,,,
Version_2,14,10,20,7,14,,,,,,,,,,,
Version_2,15,7,5,7,12,,,,,,,,,,,
Version_2,16,30,10,7,32,,,,,,,,,,,
Version_2,17,50,10,7,49,,,,,,,,,,,
Version_2,18,50,10,7,50,,,,,,,,,,,
Version_2,19,43,40,7,45,,,,,,,,,,,
Version_2,20,17,20,7,19,,,,,,,,,,,
Version_2,21,0,0,7,2,,,,,,,,,,,
Version_2,22,87,80,7,68,,,,,,,,,,,
Version_2,23,47,50,7,48,,,,,,,,,,,
Version_2,24,23,30,7,26,,,,,,,,,,,
Version_2,25,13,20,7,15,,,,,,,,,,,
Version_2,26,90,90,7,71,,,,,,,,,,,
Version_2,27,23,30,7,27,,,,,,,,,,,
Version_2,28,37,25,7,37,,,,,,,,,,,
Version_2,29,23,5,7,28,,,,,,,,,,,
Version_2,30,63,60,7,59,,,,,,,,,,,
Version_2,31,3,0,7,10,,,,,,,,,,,
Version_2,32,100,90,7,77,,,,,,,,,,,
Version_2,33,30,15,7,33,,,,,,,,,,,
Version_2,34,83,80,7,67,,,,,,,,,,,
Version_2,35,80,70,7,64,,,,,,,,,,,
Version_2,36,13,10,7,16,,,,,,,,,,,
Version_2,37,80,80,7,65,,,,,,,,,,,
Version_2,38,7,5,7,13,,,,,,,,,,,
Version_2,39,37,30,7,38,,,,,,,,,,,
Version_2,40,87,89,7,69,,,,,,,,,,,
Version_2,41,30,10,7,34,,,,,,,,,,,
Version_2,42,70,80,7,60,,,,,,,,,,,
Version_2,43,0,0,7,3,,,,,,,,,,,
Version_2,44,43,40,7,46,,,,,,,,,,,
Version_2,45,73,60,7,62,,,,,,,,,,,
Version_2,46,90,90,7,72,,,,,,,,,,,
Version_2,47,50,50,7,51,,,,,,,,,,,
Version_2,48,3,5,7,11,,,,,,,,,,,
Version_2,49,0,0,7,4,,,,,,,,,,,
Version_2,50,40,40,7,44,,,,,,,,,,,
Version_2,51,0,0,7,5,,,,,,,,,,,
Version_2,52,13,15,7,17,,,,,,,,,,,
Version_2,53,20,20,7,24,,,,,,,,,,,
Version_2,54,17,35,7,20,,,,,,,,,,,
Version_2,55,53,45,7,52,,,,,,,,,,,
Version_2,56,37,45,7,39,,,,,,,,,,,
Version_2,57,17,40,7,21,,,,,,,,,,,
Version_2,58,23,10,7,29,,,,,,,,,,,
Version_2,59,90,100,7,73,,,,,,,,,,,
Version_2,60,87,90,7,70,,,,,,,,,,,
Version_2,61,53,70,7,53,,,,,,,,,,,
Version_2,62,43,40,7,47,,,,,,,,,,,
Version_2,63,37,50,7,40,,,,,,,,,,,
Version_2,64,60,60,7,57,,,,,,,,,,,
Version_2,65,20,30,7,25,,,,,,,,,,,
Version_2,66,27,10,7,30,,,,,,,,,,,
Version_2,67,57,60,7,55,,,,,,,,,,,
Version_2,68,73,60,7,63,,,,,,,,,,,
Version_2,69,37,35,7,41,,,,,,,,,,,
Version_2,70,70,70,7,61,,,,,,,,,,,
Version_2,71,53,60,7,54,,,,,,,,,,,
Version_2,72,90,95,7,74,,,,,,,,,,,
Version_2,73,100,100,7,78,,,,,,,,,,,
Version_2,74,100,100,7,79,,,,,,,,,,,
Version_2,75,37,40,7,42,,,,,,,,,,,
Version_2,76,97,100,7,76,,,,,,,,,,,
Version_2,77,100,100,7,80,,,,,,,,,,,
Version_2,78,100,100,7,81,,,,,,,,,,,
Version_2,79,100,100,7,82,,,,,,,,,,,
Version_2,80,100,100,7,83,,,,,,,,,,,
Version_2,81,100,100,7,84,,,,,,,,,,,
Version_2,82,100,100,7,85,,,,,,,,,,,
Version_2,83,100,100,7,86,,,,,,,,,,,
Version_2,84,100,100,7,87,,,,,,,,,,,
Version_2,85,60,60,7,58,,,,,,,,,,,
Version_2,86,100,100,7,88,,,,,,,,,,,
Version_2,87,90,90,7,75,,,,,,,,,,,
Version_2,88,100,100,7,89,,,,,,,,,,,
Version_2,89,100,100,7,90,,,,,,,,,,,
Version_2,90,0,0,7,6,,,,,,,,,,,
Version_2,1,0,0,8,1,,,,,,,,,,,
Version_2,2,20,22,8,22,,,,,,,,,,,
Version_2,3,3,2,8,7,,,,,,,,,,,
Version_2,4,3,6,8,8,,,,,,,,,,,
Version_2,5,17,12,8,18,,,,,,,,,,,
Version_2,6,3,3,8,9,,,,,,,,,,,
Version_2,7,37,37,8,36,,,,,,,,,,,
Version_2,8,20,29,8,23,,,,,,,,,,,
Version_2,9,33,18,8,35,,,,,,,,,,,
Version_2,10,30,12,8,31,,,,,,,,,,,
Version_2,11,60,63,8,56,,,,,,,,,,,
Version_2,12,40,25,8,43,,,,,,,,,,,
Version_2,13,83,65,8,66,,,,,,,,,,,
Version_2,14,10,47,8,14,,,,,,,,,,,
Version_2,15,7,24,8,12,,,,,,,,,,,
Version_2,16,30,18,8,32,,,,,,,,,,,
Version_2,17,50,65,8,49,,,,,,,,,,,
Version_2,18,50,54,8,50,,,,,,,,,,,
Version_2,19,43,32,8,45,,,,,,,,,,,
Version_2,20,17,23,8,19,,,,,,,,,,,
Version_2,21,0,4,8,2,,,,,,,,,,,
Version_2,22,87,86,8,68,,,,,,,,,,,
Version_2,23,47,78,8,48,,,,,,,,,,,
Version_2,24,23,40,8,26,,,,,,,,,,,
Version_2,25,13,23,8,15,,,,,,,,,,,
Version_2,26,90,85,8,71,,,,,,,,,,,
Version_2,27,23,15,8,27,,,,,,,,,,,
Version_2,28,37,23,8,37,,,,,,,,,,,
Version_2,29,23,7,8,28,,,,,,,,,,,
Version_2,30,63,73,8,59,,,,,,,,,,,
Version_2,31,3,5,8,10,,,,,,,,,,,
Version_2,32,100,90,8,77,,,,,,,,,,,
Version_2,33,30,11,8,33,,,,,,,,,,,
Version_2,34,83,86,8,67,,,,,,,,,,,
Version_2,35,80,83,8,64,,,,,,,,,,,
Version_2,36,13,6,8,16,,,,,,,,,,,
Version_2,37,80,79,8,65,,,,,,,,,,,
Version_2,38,7,9,8,13,,,,,,,,,,,
Version_2,39,37,24,8,38,,,,,,,,,,,
Version_2,41,30,12,8,34,,,,,,,,,,,
Version_2,42,70,77,8,60,,,,,,,,,,,
Version_2,43,0,12,8,3,,,,,,,,,,,
Version_2,44,43,65,8,46,,,,,,,,,,,
Version_2,45,73,75,8,62,,,,,,,,,,,
Version_2,46,90,95,8,72,,,,,,,,,,,
Version_2,47,50,55,8,51,,,,,,,,,,,
Version_2,48,3,2,8,11,,,,,,,,,,,
Version_2,49,0,0,8,4,,,,,,,,,,,
Version_2,50,40,81,8,44,,,,,,,,,,,
Version_2,51,0,45,8,5,,,,,,,,,,,
Version_2,52,13,50,8,17,,,,,,,,,,,
Version_2,53,20,14,8,24,,,,,,,,,,,
Version_2,54,17,24,8,20,,,,,,,,,,,
Version_2,55,53,54,8,52,,,,,,,,,,,
Version_2,56,37,36,8,39,,,,,,,,,,,
Version_2,57,17,28,8,21,,,,,,,,,,,
Version_2,58,23,27,8,29,,,,,,,,,,,
Version_2,59,90,97,8,73,,,,,,,,,,,
Version_2,60,87,78,8,70,,,,,,,,,,,
Version_2,61,53,45,8,53,,,,,,,,,,,
Version_2,62,43,35,8,47,,,,,,,,,,,
Version_2,63,37,36,8,40,,,,,,,,,,,
Version_2,64,60,43,8,57,,,,,,,,,,,
Version_2,65,20,13,8,25,,,,,,,,,,,
Version_2,66,27,8,8,30,,,,,,,,,,,
Version_2,67,57,56,8,55,,,,,,,,,,,
Version_2,68,73,69,8,63,,,,,,,,,,,
Version_2,69,37,39,8,41,,,,,,,,,,,
Version_2,70,70,73,8,61,,,,,,,,,,,
Version_2,71,53,60,8,54,,,,,,,,,,,
Version_2,72,90,96,8,74,,,,,,,,,,,
Version_2,73,100,98,8,78,,,,,,,,,,,
Version_2,74,100,95,8,79,,,,,,,,,,,
Version_2,75,37,48,8,42,,,,,,,,,,,
Version_2,76,97,100,8,76,,,,,,,,,,,
Version_2,77,100,100,8,80,,,,,,,,,,,
Version_2,78,100,100,8,81,,,,,,,,,,,
Version_2,79,100,100,8,82,,,,,,,,,,,
Version_2,80,100,99,8,83,,,,,,,,,,,
Version_2,81,100,100,8,84,,,,,,,,,,,
Version_2,82,100,100,8,85,,,,,,,,,,,
Version_2,83,100,100,8,86,,,,,,,,,,,
Version_2,84,100,100,8,87,,,,,,,,,,,
Version_2,85,60,25,8,58,,,,,,,,,,,
Version_2,86,100,100,8,88,,,,,,,,,,,
Version_2,87,90,87,8,75,,,,,,,,,,,
Version_2,88,100,100,8,89,,,,,,,,,,,
Version_2,89,100,99,8,90,,,,,,,,,,,
Version_2,90,0,2,8,6,,,,,,,,,,,
Version_2,1,0,5,9,1,,,,,,,,,,,
Version_2,2,20,15,9,22,,,,,,,,,,,
Version_2,3,3,0,9,7,,,,,,,,,,,
Version_2,4,3,7,9,8,,,,,,,,,,,
Version_2,5,17,30,9,18,,,,,,,,,,,
Version_2,6,3,0,9,9,,,,,,,,,,,
Version_2,7,37,25,9,36,,,,,,,,,,,
Version_2,8,20,10,9,23,,,,,,,,,,,
Version_2,9,33,15,9,35,,,,,,,,,,,
Version_2,10,30,25,9,31,,,,,,,,,,,
Version_2,11,60,50,9,56,,,,,,,,,,,
Version_2,12,40,40,9,43,,,,,,,,,,,
Version_2,13,83,80,9,66,,,,,,,,,,,
Version_2,14,10,10,9,14,,,,,,,,,,,
Version_2,15,7,3,9,12,,,,,,,,,,,
Version_2,16,30,10,9,32,,,,,,,,,,,
Version_2,17,50,43,9,49,,,,,,,,,,,
Version_2,18,50,35,9,50,,,,,,,,,,,
Version_2,19,43,47,9,45,,,,,,,,,,,
Version_2,20,17,14,9,19,,,,,,,,,,,
Version_2,21,0,0,9,2,,,,,,,,,,,
Version_2,22,87,80,9,68,,,,,,,,,,,
Version_2,23,47,10,9,48,,,,,,,,,,,
Version_2,24,23,10,9,26,,,,,,,,,,,
Version_2,25,13,15,9,15,,,,,,,,,,,
Version_2,26,90,86,9,71,,,,,,,,,,,
Version_2,27,23,8,9,27,,,,,,,,,,,
Version_2,28,37,40,9,37,,,,,,,,,,,
Version_2,29,23,2,9,28,,,,,,,,,,,
Version_2,30,63,53,9,59,,,,,,,,,,,
Version_2,31,3,0,9,10,,,,,,,,,,,
Version_2,32,100,100,9,77,,,,,,,,,,,
Version_2,33,30,6,9,33,,,,,,,,,,,
Version_2,34,83,80,9,67,,,,,,,,,,,
Version_2,35,80,65,9,64,,,,,,,,,,,
Version_2,36,13,12,9,16,,,,,,,,,,,
Version_2,37,80,80,9,65,,,,,,,,,,,
Version_2,38,7,14,9,13,,,,,,,,,,,
Version_2,39,37,42,9,38,,,,,,,,,,,
Version_2,40,87,97,9,69,,,,,,,,,,,
Version_2,41,30,40,9,34,,,,,,,,,,,
Version_2,42,70,78,9,60,,,,,,,,,,,
Version_2,43,0,0,9,3,,,,,,,,,,,
Version_2,44,43,47,9,46,,,,,,,,,,,
Version_2,45,73,65,9,62,,,,,,,,,,,
Version_2,46,90,90,9,72,,,,,,,,,,,
Version_2,47,50,47,9,51,,,,,,,,,,,
Version_2,48,3,0,9,11,,,,,,,,,,,
Version_2,49,0,0,9,4,,,,,,,,,,,
Version_2,50,40,46,9,44,,,,,,,,,,,
Version_2,51,0,0,9,5,,,,,,,,,,,
Version_2,52,13,16,9,17,,,,,,,,,,,
Version_2,53,20,20,9,24,,,,,,,,,,,
Version_2,54,17,44,9,20,,,,,,,,,,,
Version_2,55,53,52,9,52,,,,,,,,,,,
Version_2,56,37,38,9,39,,,,,,,,,,,
Version_2,57,17,26,9,21,,,,,,,,,,,
Version_2,58,23,29,9,29,,,,,,,,,,,
Version_2,59,90,96,9,73,,,,,,,,,,,
Version_2,60,87,84,9,70,,,,,,,,,,,
Version_2,61,53,54,9,53,,,,,,,,,,,
Version_2,62,43,50,9,47,,,,,,,,,,,
Version_2,63,37,30,9,40,,,,,,,,,,,
Version_2,64,60,60,9,57,,,,,,,,,,,
Version_2,65,20,2,9,25,,,,,,,,,,,
Version_2,66,27,10,9,30,,,,,,,,,,,
Version_2,67,57,57,9,55,,,,,,,,,,,
Version_2,68,73,74,9,63,,,,,,,,,,,
Version_2,69,37,40,9,41,,,,,,,,,,,
Version_2,70,70,73,9,61,,,,,,,,,,,
Version_2,71,53,56,9,54,,,,,,,,,,,
Version_2,72,90,92,9,74,,,,,,,,,,,
Version_2,73,100,100,9,78,,,,,,,,,,,
Version_2,74,100,100,9,79,,,,,,,,,,,
Version_2,75,37,26,9,42,,,,,,,,,,,
Version_2,76,97,97,9,76,,,,,,,,,,,
Version_2,77,100,96,9,80,,,,,,,,,,,
Version_2,78,100,100,9,81,,,,,,,,,,,
Version_2,79,100,100,9,82,,,,,,,,,,,
Version_2,80,100,98,9,83,,,,,,,,,,,
Version_2,81,100,97,9,84,,,,,,,,,,,
Version_2,82,100,92,9,85,,,,,,,,,,,
Version_2,83,100,100,9,86,,,,,,,,,,,
Version_2,84,100,99,9,87,,,,,,,,,,,
Version_2,85,60,57,9,58,,,,,,,,,,,
Version_2,86,100,100,9,88,,,,,,,,,,,
Version_2,87,90,90,9,75,,,,,,,,,,,
Version_2,88,100,99,9,89,,,,,,,,,,,
Version_2,89,100,96,9,90,,,,,,,,,,,
Version_2,90,0,0,9,6,,,,,,,,,,,
Version_2,1,0,5,10,1,,,,,,,,,,,
Version_2,2,20,30,10,22,,,,,,,,,,,
Version_2,3,3,0,10,7,,,,,,,,,,,
Version_2,4,3,10,10,8,,,,,,,,,,,
Version_2,5,17,30,10,18,,,,,,,,,,,
Version_2,6,3,5,10,9,,,,,,,,,,,
Version_2,7,37,40,10,36,,,,,,,,,,,
Version_2,8,20,30,10,23,,,,,,,,,,,
Version_2,9,33,40,10,35,,,,,,,,,,,
Version_2,10,30,30,10,31,,,,,,,,,,,
Version_2,11,60,50,10,56,,,,,,,,,,,
Version_2,12,40,40,10,43,,,,,,,,,,,
Version_2,13,83,80,10,66,,,,,,,,,,,
Version_2,14,10,40,10,14,,,,,,,,,,,
Version_2,15,7,10,10,12,,,,,,,,,,,
Version_2,16,30,25,10,32,,,,,,,,,,,
Version_2,17,50,55,10,49,,,,,,,,,,,
Version_2,18,50,55,10,50,,,,,,,,,,,
Version_2,19,43,45,10,45,,,,,,,,,,,
Version_2,20,17,5,10,19,,,,,,,,,,,
Version_2,21,0,0,10,2,,,,,,,,,,,
Version_2,22,87,80,10,68,,,,,,,,,,,
Version_2,23,47,45,10,48,,,,,,,,,,,
Version_2,24,23,10,10,26,,,,,,,,,,,
Version_2,25,13,15,10,15,,,,,,,,,,,
Version_2,26,90,85,10,71,,,,,,,,,,,
Version_2,27,23,5,10,27,,,,,,,,,,,
Version_2,28,37,20,10,37,,,,,,,,,,,
Version_2,29,23,5,10,28,,,,,,,,,,,
Version_2,30,63,65,10,59,,,,,,,,,,,
Version_2,31,3,0,10,10,,,,,,,,,,,
Version_2,32,100,95,10,77,,,,,,,,,,,
Version_2,33,30,5,10,33,,,,,,,,,,,
Version_2,34,83,85,10,67,,,,,,,,,,,
Version_2,35,80,80,10,64,,,,,,,,,,,
Version_2,36,13,30,10,16,,,,,,,,,,,
Version_2,37,80,80,10,65,,,,,,,,,,,
Version_2,38,7,5,10,13,,,,,,,,,,,
Version_2,39,37,40,10,38,,,,,,,,,,,
Version_2,40,87,90,10,69,,,,,,,,,,,
Version_2,41,30,25,10,34,,,,,,,,,,,
Version_2,42,70,75,10,60,,,,,,,,,,,
Version_2,43,0,35,10,3,,,,,,,,,,,
Version_2,44,43,50,10,46,,,,,,,,,,,
Version_2,45,73,75,10,62,,,,,,,,,,,
Version_2,46,90,90,10,72,,,,,,,,,,,
Version_2,47,50,45,10,51,,,,,,,,,,,
Version_2,48,3,10,10,11,,,,,,,,,,,
Version_2,49,0,10,10,4,,,,,,,,,,,
Version_2,50,40,45,10,44,,,,,,,,,,,
Version_2,51,0,0,10,5,,,,,,,,,,,
Version_2,52,13,35,10,17,,,,,,,,,,,
Version_2,53,20,20,10,24,,,,,,,,,,,
Version_2,54,17,50,10,20,,,,,,,,,,,
Version_2,55,53,55,10,52,,,,,,,,,,,
Version_2,56,37,40,10,39,,,,,,,,,,,
Version_2,57,17,20,10,21,,,,,,,,,,,
Version_2,58,23,35,10,29,,,,,,,,,,,
Version_2,59,90,95,10,73,,,,,,,,,,,
Version_2,60,87,80,10,70,,,,,,,,,,,
Version_2,61,53,60,10,53,,,,,,,,,,,
Version_2,62,43,40,10,47,,,,,,,,,,,
Version_2,63,37,50,10,40,,,,,,,,,,,
Version_2,64,60,60,10,57,,,,,,,,,,,
Version_2,65,20,30,10,25,,,,,,,,,,,
Version_2,66,27,25,10,30,,,,,,,,,,,
Version_2,67,57,60,10,55,,,,,,,,,,,
Version_2,68,73,65,10,63,,,,,,,,,,,
Version_2,69,37,40,10,41,,,,,,,,,,,
Version_2,70,70,70,10,61,,,,,,,,,,,
Version_2,71,53,60,10,54,,,,,,,,,,,
Version_2,72,90,95,10,74,,,,,,,,,,,
Version_2,73,100,100,10,78,,,,,,,,,,,
Version_2,74,100,100,10,79,,,,,,,,,,,
Version_2,75,37,45,10,42,,,,,,,,,,,
Version_2,76,97,100,10,76,,,,,,,,,,,
Version_2,77,100,100,10,80,,,,,,,,,,,
Version_2,78,100,100,10,81,,,,,,,,,,,
Version_2,79,100,100,10,82,,,,,,,,,,,
Version_2,80,100,95,10,83,,,,,,,,,,,
Version_2,81,100,100,10,84,,,,,,,,,,,
Version_2,82,100,100,10,85,,,,,,,,,,,
Version_2,83,100,100,10,86,,,,,,,,,,,
Version_2,84,100,100,10,87,,,,,,,,,,,
Version_2,85,60,65,10,58,,,,,,,,,,,
Version_2,86,100,100,10,88,,,,,,,,,,,
Version_2,87,90,90,10,75,,,,,,,,,,,
Version_2,88,100,100,10,89,,,,,,,,,,,
Version_2,89,100,100,10,90,,,,,,,,,,,
Version_2,90,0,0,10,6,,,,,,,,,,,
Version_2,1,0,0,11,1,,,,,,,,,,,
Version_2,2,20,20,11,22,,,,,,,,,,,
Version_2,3,3,10,11,7,,,,,,,,,,,
Version_2,4,3,40,11,8,,,,,,,,,,,
Version_2,5,17,40,11,18,,,,,,,,,,,
Version_2,6,3,30,11,9,,,,,,,,,,,
Version_2,7,37,40,11,36,,,,,,,,,,,
Version_2,8,20,30,11,23,,,,,,,,,,,
Version_2,9,33,50,11,35,,,,,,,,,,,
Version_2,10,30,40,11,31,,,,,,,,,,,
Version_2,11,60,60,11,56,,,,,,,,,,,
Version_2,12,40,50,11,43,,,,,,,,,,,
Version_2,13,83,80,11,66,,,,,,,,,,,
Version_2,14,10,30,11,14,,,,,,,,,,,
Version_2,15,7,10,11,12,,,,,,,,,,,
Version_2,16,30,30,11,32,,,,,,,,,,,
Version_2,17,50,50,11,49,,,,,,,,,,,
Version_2,18,50,50,11,50,,,,,,,,,,,
Version_2,19,43,60,11,45,,,,,,,,,,,
Version_2,20,17,20,11,19,,,,,,,,,,,
Version_2,21,0,0,11,2,,,,,,,,,,,
Version_2,22,87,80,11,68,,,,,,,,,,,
Version_2,23,47,10,11,48,,,,,,,,,,,
Version_2,24,23,30,11,26,,,,,,,,,,,
Version_2,25,13,10,11,15,,,,,,,,,,,
Version_2,26,90,90,11,71,,,,,,,,,,,
Version_2,27,23,30,11,27,,,,,,,,,,,
Version_2,28,37,40,11,37,,,,,,,,,,,
Version_2,29,23,0,11,28,,,,,,,,,,,
Version_2,30,63,70,11,59,,,,,,,,,,,
Version_2,31,3,0,11,10,,,,,,,,,,,
Version_2,32,100,100,11,77,,,,,,,,,,,
Version_2,33,30,10,11,33,,,,,,,,,,,
Version_2,34,83,80,11,67,,,,,,,,,,,
Version_2,35,80,80,11,64,,,,,,,,,,,
Version_2,36,13,20,11,16,,,,,,,,,,,
Version_2,37,80,80,11,65,,,,,,,,,,,
Version_2,38,7,10,11,13,,,,,,,,,,,
Version_2,39,37,30,11,38,,,,,,,,,,,
Version_2,40,87,90,11,69,,,,,,,,,,,
Version_2,41,30,20,11,34,,,,,,,,,,,
Version_2,42,70,80,11,60,,,,,,,,,,,
Version_2,43,0,0,11,3,,,,,,,,,,,
Version_2,44,43,40,11,46,,,,,,,,,,,
Version_2,45,73,60,11,62,,,,,,,,,,,
Version_2,46,90,90,11,72,,,,,,,,,,,
Version_2,47,50,30,11,51,,,,,,,,,,,
Version_2,48,3,0,11,11,,,,,,,,,,,
Version_2,49,0,0,11,4,,,,,,,,,,,
Version_2,50,40,50,11,44,,,,,,,,,,,
Version_2,51,0,0,11,5,,,,,,,,,,,
Version_2,52,13,40,11,17,,,,,,,,,,,
Version_2,53,20,20,11,24,,,,,,,,,,,
Version_2,54,17,30,11,20,,,,,,,,,,,
Version_2,55,53,50,11,52,,,,,,,,,,,
Version_2,56,37,50,11,39,,,,,,,,,,,
Version_2,57,17,20,11,21,,,,,,,,,,,
Version_2,58,23,10,11,29,,,,,,,,,,,
Version_2,59,90,100,11,73,,,,,,,,,,,
Version_2,60,87,70,11,70,,,,,,,,,,,
Version_2,61,53,60,11,53,,,,,,,,,,,
Version_2,62,43,50,11,47,,,,,,,,,,,
Version_2,63,37,50,11,40,,,,,,,,,,,
Version_2,64,60,60,11,57,,,,,,,,,,,
Version_2,65,20,10,11,25,,,,,,,,,,,
Version_2,66,27,40,11,30,,,,,,,,,,,
Version_2,67,57,60,11,55,,,,,,,,,,,
Version_2,68,73,70,11,63,,,,,,,,,,,
Version_2,69,37,40,11,41,,,,,,,,,,,
Version_2,70,70,70,11,61,,,,,,,,,,,
Version_2,71,53,60,11,54,,,,,,,,,,,
Version_2,72,90,90,11,74,,,,,,,,,,,
Version_2,73,100,100,11,78,,,,,,,,,,,
Version_2,74,100,100,11,79,,,,,,,,,,,
Version_2,75,37,40,11,42,,,,,,,,,,,
Version_2,76,97,100,11,76,,,,,,,,,,,
Version_2,77,100,100,11,80,,,,,,,,,,,
Version_2,78,100,100,11,81,,,,,,,,,,,
Version_2,79,100,100,11,82,,,,,,,,,,,
Version_2,80,100,100,11,83,,,,,,,,,,,
Version_2,81,100,100,11,84,,,,,,,,,,,
Version_2,82,100,100,11,85,,,,,,,,,,,
Version_2,83,100,100,11,86,,,,,,,,,,,
Version_2,84,100,100,11,87,,,,,,,,,,,
Version_2,85,60,60,11,58,,,,,,,,,,,
Version_2,86,100,100,11,88,,,,,,,,,,,
Version_2,87,90,90,11,75,,,,,,,,,,,
Version_2,88,100,100,11,89,,,,,,,,,,,
Version_2,89,100,90,11,90,,,,,,,,,,,
Version_2,90,0,0,11,6,,,,,,,,,,,
Version_2,1,0,0,12,1,,,,,,,,,,,
Version_2,2,20,20,12,22,,,,,,,,,,,
Version_2,3,3,10,12,7,,,,,,,,,,,
Version_2,4,3,30,12,8,,,,,,,,,,,
Version_2,5,17,40,12,18,,,,,,,,,,,
Version_2,6,3,10,12,9,,,,,,,,,,,
Version_2,7,37,40,12,36,,,,,,,,,,,
Version_2,8,20,20,12,23,,,,,,,,,,,
Version_2,9,33,50,12,35,,,,,,,,,,,
Version_2,10,30,30,12,31,,,,,,,,,,,
Version_2,11,60,60,12,56,,,,,,,,,,,
Version_2,12,40,50,12,43,,,,,,,,,,,
Version_2,13,83,80,12,66,,,,,,,,,,,
Version_2,14,10,20,12,14,,,,,,,,,,,
Version_2,15,7,20,12,12,,,,,,,,,,,
Version_2,16,30,30,12,32,,,,,,,,,,,
Version_2,17,50,50,12,49,,,,,,,,,,,
Version_2,18,50,50,12,50,,,,,,,,,,,
Version_2,19,43,50,12,45,,,,,,,,,,,
Version_2,20,17,20,12,19,,,,,,,,,,,
Version_2,21,0,0,12,2,,,,,,,,,,,
Version_2,22,87,80,12,68,,,,,,,,,,,
Version_2,23,47,50,12,48,,,,,,,,,,,
Version_2,24,23,20,12,26,,,,,,,,,,,
Version_2,25,13,10,12,15,,,,,,,,,,,
Version_2,26,90,90,12,71,,,,,,,,,,,
Version_2,27,23,20,12,27,,,,,,,,,,,
Version_2,28,37,20,12,37,,,,,,,,,,,
Version_2,29,23,10,12,28,,,,,,,,,,,
Version_2,30,63,70,12,59,,,,,,,,,,,
Version_2,31,3,0,12,10,,,,,,,,,,,
Version_2,32,100,100,12,77,,,,,,,,,,,
Version_2,33,30,10,12,33,,,,,,,,,,,
Version_2,34,83,80,12,67,,,,,,,,,,,
Version_2,35,80,80,12,64,,,,,,,,,,,
Version_2,36,13,30,12,16,,,,,,,,,,,
Version_2,37,80,80,12,65,,,,,,,,,,,
Version_2,38,7,20,12,13,,,,,,,,,,,
Version_2,39,37,30,12,38,,,,,,,,,,,
Version_2,40,87,90,12,69,,,,,,,,,,,
Version_2,41,30,30,12,34,,,,,,,,,,,
Version_2,42,70,70,12,60,,,,,,,,,,,
Version_2,43,0,0,12,3,,,,,,,,,,,
Version_2,44,43,30,12,46,,,,,,,,,,,
Version_2,45,73,70,12,62,,,,,,,,,,,
Version_2,46,90,90,12,72,,,,,,,,,,,
Version_2,47,50,30,12,51,,,,,,,,,,,
Version_2,48,3,0,12,11,,,,,,,,,,,
Version_2,49,0,0,12,4,,,,,,,,,,,
Version_2,50,40,50,12,44,,,,,,,,,,,
Version_2,51,0,0,12,5,,,,,,,,,,,
Version_2,52,13,10,12,17,,,,,,,,,,,
Version_2,53,20,10,12,24,,,,,,,,,,,
Version_2,54,17,10,12,20,,,,,,,,,,,
Version_2,55,53,30,12,52,,,,,,,,,,,
Version_2,56,37,30,12,39,,,,,,,,,,,
Version_2,57,17,20,12,21,,,,,,,,,,,
Version_2,58,23,10,12,29,,,,,,,,,,,
Version_2,59,90,90,12,73,,,,,,,,,,,
Version_2,60,87,80,12,70,,,,,,,,,,,
Version_2,61,53,40,12,53,,,,,,,,,,,
Version_2,62,43,40,12,47,,,,,,,,,,,
Version_2,63,37,30,12,40,,,,,,,,,,,
Version_2,64,60,60,12,57,,,,,,,,,,,
Version_2,65,20,30,12,25,,,,,,,,,,,
Version_2,66,27,30,12,30,,,,,,,,,,,
Version_2,67,57,40,12,55,,,,,,,,,,,
Version_2,68,73,60,12,63,,,,,,,,,,,
Version_2,69,37,40,12,41,,,,,,,,,,,
Version_2,70,70,70,12,61,,,,,,,,,,,
Version_2,71,53,50,12,54,,,,,,,,,,,
Version_2,72,90,90,12,74,,,,,,,,,,,
Version_2,73,100,100,12,78,,,,,,,,,,,
Version_2,74,100,100,12,79,,,,,,,,,,,
Version_2,75,37,30,12,42,,,,,,,,,,,
Version_2,76,97,100,12,76,,,,,,,,,,,
Version_2,77,100,100,12,80,,,,,,,,,,,
Version_2,78,100,100,12,81,,,,,,,,,,,
Version_2,79,100,100,12,82,,,,,,,,,,,
Version_2,80,100,100,12,83,,,,,,,,,,,
Version_2,81,100,100,12,84,,,,,,,,,,,
Version_2,82,100,100,12,85,,,,,,,,,,,
Version_2,83,100,100,12,86,,,,,,,,,,,
Version_2,84,100,100,12,87,,,,,,,,,,,
Version_2,85,60,60,12,58,,,,,,,,,,,
Version_2,86,100,100,12,88,,,,,,,,,,,
Version_2,87,90,90,12,75,,,,,,,,,,,
Version_2,88,100,100,12,89,,,,,,,,,,,
Version_2,89,100,100,12,90,,,,,,,,,,,
Version_2,90,0,0,12,6,,,,,,,,,,,
Version_2,1,0,0,13,1,,,,,,,,,,,
Version_2,2,20,30,13,22,,,,,,,,,,,
Version_2,3,3,10,13,7,,,,,,,,,,,
Version_2,4,3,10,13,8,,,,,,,,,,,
Version_2,5,17,20,13,18,,,,,,,,,,,
Version_2,6,3,20,13,9,,,,,,,,,,,
Version_2,7,37,35,13,36,,,,,,,,,,,
Version_2,8,20,30,13,23,,,,,,,,,,,
Version_2,9,33,35,13,35,,,,,,,,,,,
Version_2,10,30,15,13,31,,,,,,,,,,,
Version_2,11,60,60,13,56,,,,,,,,,,,
Version_2,12,40,40,13,43,,,,,,,,,,,
Version_2,13,83,80,13,66,,,,,,,,,,,
Version_2,14,10,15,13,14,,,,,,,,,,,
Version_2,15,7,30,13,12,,,,,,,,,,,
Version_2,16,30,35,13,32,,,,,,,,,,,
Version_2,17,50,50,13,49,,,,,,,,,,,
Version_2,18,50,45,13,50,,,,,,,,,,,
Version_2,19,43,50,13,45,,,,,,,,,,,
Version_2,20,17,15,13,19,,,,,,,,,,,
Version_2,21,0,5,13,2,,,,,,,,,,,
Version_2,22,87,80,13,68,,,,,,,,,,,
Version_2,23,47,50,13,48,,,,,,,,,,,
Version_2,24,23,10,13,26,,,,,,,,,,,
Version_2,25,13,35,13,15,,,,,,,,,,,
Version_2,26,90,95,13,71,,,,,,,,,,,
Version_2,27,23,10,13,27,,,,,,,,,,,
Version_2,28,37,40,13,37,,,,,,,,,,,
Version_2,29,23,0,13,28,,,,,,,,,,,
Version_2,30,63,65,13,59,,,,,,,,,,,
Version_2,31,3,0,13,10,,,,,,,,,,,
Version_2,32,100,100,13,77,,,,,,,,,,,
Version_2,33,30,5,13,33,,,,,,,,,,,
Version_2,34,83,80,13,67,,,,,,,,,,,
Version_2,35,80,70,13,64,,,,,,,,,,,
Version_2,36,13,15,13,16,,,,,,,,,,,
Version_2,37,80,75,13,65,,,,,,,,,,,
Version_2,38,7,5,13,13,,,,,,,,,,,
Version_2,39,37,40,13,38,,,,,,,,,,,
Version_2,40,87,95,13,69,,,,,,,,,,,
Version_2,41,30,20,13,34,,,,,,,,,,,
Version_2,42,70,85,13,60,,,,,,,,,,,
Version_2,43,0,0,13,3,,,,,,,,,,,
Version_2,44,43,45,13,46,,,,,,,,,,,
Version_2,45,73,55,13,62,,,,,,,,,,,
Version_2,46,90,90,13,72,,,,,,,,,,,
Version_2,47,50,40,13,51,,,,,,,,,,,
Version_2,48,3,0,13,11,,,,,,,,,,,
Version_2,49,0,0,13,4,,,,,,,,,,,
Version_2,50,40,45,13,44,,,,,,,,,,,
Version_2,51,0,0,13,5,,,,,,,,,,,
Version_2,52,13,5,13,17,,,,,,,,,,,
Version_2,53,20,20,13,24,,,,,,,,,,,
Version_2,54,17,10,13,20,,,,,,,,,,,
Version_2,55,53,30,13,52,,,,,,,,,,,
Version_2,56,37,45,13,39,,,,,,,,,,,
Version_2,57,17,20,13,21,,,,,,,,,,,
Version_2,58,23,10,13,29,,,,,,,,,,,
Version_2,59,90,95,13,73,,,,,,,,,,,
Version_2,60,87,80,13,70,,,,,,,,,,,
Version_2,61,53,55,13,53,,,,,,,,,,,
Version_2,62,43,40,13,47,,,,,,,,,,,
Version_2,63,37,35,13,40,,,,,,,,,,,
Version_2,64,60,60,13,57,,,,,,,,,,,
Version_2,65,20,35,13,25,,,,,,,,,,,
Version_2,66,27,25,13,30,,,,,,,,,,,
Version_2,67,57,70,13,55,,,,,,,,,,,
Version_2,68,73,70,13,63,,,,,,,,,,,
Version_2,69,37,40,13,41,,,,,,,,,,,
Version_2,70,70,65,13,61,,,,,,,,,,,
Version_2,71,53,65,13,54,,,,,,,,,,,
Version_2,72,90,100,13,74,,,,,,,,,,,
Version_2,73,100,100,13,78,,,,,,,,,,,
Version_2,74,100,100,13,79,,,,,,,,,,,
Version_2,75,37,40,13,42,,,,,,,,,,,
Version_2,76,97,100,13,76,,,,,,,,,,,
Version_2,77,100,100,13,80,,,,,,,,,,,
Version_2,78,100,100,13,81,,,,,,,,,,,
Version_2,79,100,100,13,82,,,,,,,,,,,
Version_2,80,100,100,13,83,,,,,,,,,,,
Version_2,81,100,100,13,84,,,,,,,,,,,
Version_2,82,100,100,13,85,,,,,,,,,,,
Version_2,83,100,100,13,86,,,,,,,,,,,
Version_2,84,100,100,13,87,,,,,,,,,,,
Version_2,85,60,65,13,58,,,,,,,,,,,
Version_2,86,100,100,13,88,,,,,,,,,,,
Version_2,87,90,90,13,75,,,,,,,,,,,
Version_2,88,100,100,13,89,,,,,,,,,,,
Version_2,89,100,100,13,90,,,,,,,,,,,
Version_2,90,0,0,13,6,,,,,,,,,,,
Version_2,1,0,0,14,1,,,,,,,,,,,
Version_2,2,20,20,14,22,,,,,,,,,,,
Version_2,3,3,10,14,7,,,,,,,,,,,
Version_2,4,3,0,14,8,,,,,,,,,,,
Version_2,5,17,10,14,18,,,,,,,,,,,
Version_2,6,3,0,14,9,,,,,,,,,,,
Version_2,7,37,30,14,36,,,,,,,,,,,
Version_2,8,20,40,14,23,,,,,,,,,,,
Version_2,9,33,30,14,35,,,,,,,,,,,
Version_2,10,30,10,14,31,,,,,,,,,,,
Version_2,11,60,60,14,56,,,,,,,,,,,
Version_2,12,40,40,14,43,,,,,,,,,,,
Version_2,13,83,80,14,66,,,,,,,,,,,
Version_2,14,10,10,14,14,,,,,,,,,,,
Version_2,15,7,10,14,12,,,,,,,,,,,
Version_2,16,30,20,14,32,,,,,,,,,,,
Version_2,17,50,50,14,49,,,,,,,,,,,
Version_2,18,50,40,14,50,,,,,,,,,,,
Version_2,19,43,50,14,45,,,,,,,,,,,
Version_2,20,17,10,14,19,,,,,,,,,,,
Version_2,21,0,0,14,2,,,,,,,,,,,
Version_2,22,87,80,14,68,,,,,,,,,,,
Version_2,23,47,30,14,48,,,,,,,,,,,
Version_2,24,23,10,14,26,,,,,,,,,,,
Version_2,25,13,40,14,15,,,,,,,,,,,
Version_2,26,90,90,14,71,,,,,,,,,,,
Version_2,27,23,20,14,27,,,,,,,,,,,
Version_2,28,37,40,14,37,,,,,,,,,,,
Version_2,29,23,5,14,28,,,,,,,,,,,
Version_2,30,63,65,14,59,,,,,,,,,,,
Version_2,31,3,0,14,10,,,,,,,,,,,
Version_2,32,100,100,14,77,,,,,,,,,,,
Version_2,33,30,10,14,33,,,,,,,,,,,
Version_2,34,83,80,14,67,,,,,,,,,,,
Version_2,35,80,70,14,64,,,,,,,,,,,
Version_2,36,13,10,14,16,,,,,,,,,,,
Version_2,37,80,80,14,65,,,,,,,,,,,
Version_2,38,7,0,14,13,,,,,,,,,,,
Version_2,39,37,20,14,38,,,,,,,,,,,
Version_2,40,87,90,14,69,,,,,,,,,,,
Version_2,41,30,10,14,34,,,,,,,,,,,
Version_2,42,70,70,14,60,,,,,,,,,,,
Version_2,43,0,0,14,3,,,,,,,,,,,
Version_2,44,43,40,14,46,,,,,,,,,,,
Version_2,45,73,50,14,62,,,,,,,,,,,
Version_2,46,90,90,14,72,,,,,,,,,,,
Version_2,47,50,40,14,51,,,,,,,,,,,
Version_2,48,3,0,14,11,,,,,,,,,,,
Version_2,49,0,0,14,4,,,,,,,,,,,
Version_2,50,40,40,14,44,,,,,,,,,,,
Version_2,51,0,0,14,5,,,,,,,,,,,
Version_2,52,13,10,14,17,,,,,,,,,,,
Version_2,53,20,20,14,24,,,,,,,,,,,
Version_2,54,17,15,14,20,,,,,,,,,,,
Version_2,55,53,60,14,52,,,,,,,,,,,
Version_2,56,37,40,14,39,,,,,,,,,,,
Version_2,57,17,30,14,21,,,,,,,,,,,
Version_2,58,23,0,14,29,,,,,,,,,,,
Version_2,59,90,90,14,73,,,,,,,,,,,
Version_2,60,87,80,14,70,,,,,,,,,,,
Version_2,61,53,50,14,53,,,,,,,,,,,
Version_2,62,43,10,14,47,,,,,,,,,,,
Version_2,63,37,30,14,40,,,,,,,,,,,
Version_2,64,60,60,14,57,,,,,,,,,,,
Version_2,65,20,0,14,25,,,,,,,,,,,
Version_2,66,27,20,14,30,,,,,,,,,,,
Version_2,67,57,65,14,55,,,,,,,,,,,
Version_2,68,73,75,14,63,,,,,,,,,,,
Version_2,69,37,40,14,41,,,,,,,,,,,
Version_2,70,70,70,14,61,,,,,,,,,,,
Version_2,71,53,60,14,54,,,,,,,,,,,
Version_2,72,90,90,14,74,,,,,,,,,,,
Version_2,73,100,100,14,78,,,,,,,,,,,
Version_2,74,100,90,14,79,,,,,,,,,,,
Version_2,75,37,40,14,42,,,,,,,,,,,
Version_2,76,97,100,14,76,,,,,,,,,,,
Version_2,77,100,100,14,80,,,,,,,,,,,
Version_2,78,100,100,14,81,,,,,,,,,,,
Version_2,79,100,100,14,82,,,,,,,,,,,
Version_2,80,100,100,14,83,,,,,,,,,,,
Version_2,81,100,100,14,84,,,,,,,,,,,
Version_2,82,100,100,14,85,,,,,,,,,,,
Version_2,83,100,100,14,86,,,,,,,,,,,
Version_2,84,100,100,14,87,,,,,,,,,,,
Version_2,85,60,60,14,58,,,,,,,,,,,
Version_2,86,100,100,14,88,,,,,,,,,,,
Version_2,87,90,90,14,75,,,,,,,,,,,
Version_2,88,100,100,14,89,,,,,,,,,,,
Version_2,89,100,100,14,90,,,,,,,,,,,
Version_2,90,0,0,14,6,,,,,,,,,,,
Version_2,1,0,0,15,1,,,,,,,,,,,
Version_2,2,20,20,15,22,,,,,,,,,,,
Version_2,3,3,10,15,7,,,,,,,,,,,
Version_2,4,3,20,15,8,,,,,,,,,,,
Version_2,5,17,30,15,18,,,,,,,,,,,
Version_2,6,3,10,15,9,,,,,,,,,,,
Version_2,7,37,40,15,36,,,,,,,,,,,
Version_2,8,20,30,15,23,,,,,,,,,,,
Version_2,9,33,45,15,35,,,,,,,,,,,
Version_2,10,30,30,15,31,,,,,,,,,,,
Version_2,11,60,50,15,56,,,,,,,,,,,
Version_2,12,40,40,15,43,,,,,,,,,,,
Version_2,13,83,80,15,66,,,,,,,,,,,
Version_2,14,10,20,15,14,,,,,,,,,,,
Version_2,15,7,15,15,12,,,,,,,,,,,
Version_2,16,30,30,15,32,,,,,,,,,,,
Version_2,17,50,60,15,49,,,,,,,,,,,
Version_2,18,50,55,15,50,,,,,,,,,,,
Version_2,19,43,45,15,45,,,,,,,,,,,
Version_2,20,17,25,15,19,,,,,,,,,,,
Version_2,21,0,15,15,2,,,,,,,,,,,
Version_2,22,87,80,15,68,,,,,,,,,,,
Version_2,23,47,55,15,48,,,,,,,,,,,
Version_2,24,23,35,15,26,,,,,,,,,,,
Version_2,25,13,20,15,15,,,,,,,,,,,
Version_2,26,90,90,15,71,,,,,,,,,,,
Version_2,27,23,10,15,27,,,,,,,,,,,
Version_2,28,37,30,15,37,,,,,,,,,,,
Version_2,29,23,10,15,28,,,,,,,,,,,
Version_2,30,63,60,15,59,,,,,,,,,,,
Version_2,31,3,5,15,10,,,,,,,,,,,
Version_2,32,100,100,15,77,,,,,,,,,,,
Version_2,33,30,15,15,33,,,,,,,,,,,
Version_2,34,83,85,15,67,,,,,,,,,,,
Version_2,35,80,80,15,64,,,,,,,,,,,
Version_2,36,13,35,15,16,,,,,,,,,,,
Version_2,37,80,80,15,65,,,,,,,,,,,
Version_2,38,7,40,15,13,,,,,,,,,,,
Version_2,39,37,50,15,38,,,,,,,,,,,
Version_2,40,87,85,15,69,,,,,,,,,,,
Version_2,41,30,35,15,34,,,,,,,,,,,
Version_2,42,70,70,15,60,,,,,,,,,,,
Version_2,43,0,20,15,3,,,,,,,,,,,
Version_2,44,43,45,15,46,,,,,,,,,,,
Version_2,45,73,75,15,62,,,,,,,,,,,
Version_2,46,90,90,15,72,,,,,,,,,,,
Version_2,47,50,50,15,51,,,,,,,,,,,
Version_2,48,3,20,15,11,,,,,,,,,,,
Version_2,49,0,20,15,4,,,,,,,,,,,
Version_2,50,40,60,15,44,,,,,,,,,,,
Version_2,51,0,10,15,5,,,,,,,,,,,
Version_2,52,13,35,15,17,,,,,,,,,,,
Version_2,53,20,20,15,24,,,,,,,,,,,
Version_2,54,17,30,15,20,,,,,,,,,,,
Version_2,55,53,55,15,52,,,,,,,,,,,
Version_2,56,37,40,15,39,,,,,,,,,,,
Version_2,57,17,25,15,21,,,,,,,,,,,
Version_2,58,23,10,15,29,,,,,,,,,,,
Version_2,59,90,95,15,73,,,,,,,,,,,
Version_2,60,87,75,15,70,,,,,,,,,,,
Version_2,61,53,60,15,53,,,,,,,,,,,
Version_2,62,43,45,15,47,,,,,,,,,,,
Version_2,63,37,40,15,40,,,,,,,,,,,
Version_2,64,60,60,15,57,,,,,,,,,,,
Version_2,65,20,30,15,25,,,,,,,,,,,
Version_2,66,27,25,15,30,,,,,,,,,,,
Version_2,67,57,60,15,55,,,,,,,,,,,
Version_2,68,73,70,15,63,,,,,,,,,,,
Version_2,69,37,50,15,41,,,,,,,,,,,
Version_2,70,70,70,15,61,,,,,,,,,,,
Version_2,71,53,60,15,54,,,,,,,,,,,
Version_2,72,90,90,15,74,,,,,,,,,,,
Version_2,73,100,100,15,78,,,,,,,,,,,
Version_2,74,100,100,15,79,,,,,,,,,,,
Version_2,75,37,40,15,42,,,,,,,,,,,
Version_2,76,97,100,15,76,,,,,,,,,,,
Version_2,77,100,100,15,80,,,,,,,,,,,
Version_2,78,100,100,15,81,,,,,,,,,,,
Version_2,79,100,100,15,82,,,,,,,,,,,
Version_2,80,100,100,15,83,,,,,,,,,,,
Version_2,81,100,100,15,84,,,,,,,,,,,
Version_2,82,100,100,15,85,,,,,,,,,,,
Version_2,83,100,100,15,86,,,,,,,,,,,
Version_2,84,100,100,15,87,,,,,,,,,,,
Version_2,85,60,60,15,58,,,,,,,,,,,
Version_2,86,100,100,15,88,,,,,,,,,,,
Version_2,87,90,90,15,75,,,,,,,,,,,
Version_2,88,100,100,15,89,,,,,,,,,,,
Version_2,89,100,100,15,90,,,,,,,,,,,
Version_2,90,0,0,15,6,,,,,,,,,,,
Version_2,1,0,5,16,1,,,,,,,,,,,
Version_2,2,20,35,16,22,,,,,,,,,,,
Version_2,3,3,10,16,7,,,,,,,,,,,
Version_2,4,3,32,16,8,,,,,,,,,,,
Version_2,5,17,39,16,18,,,,,,,,,,,
Version_2,6,3,12,16,9,,,,,,,,,,,
Version_2,7,37,42,16,36,,,,,,,,,,,
Version_2,8,20,43,16,23,,,,,,,,,,,
Version_2,9,33,29,16,35,,,,,,,,,,,
Version_2,10,30,36,16,31,,,,,,,,,,,
Version_2,11,60,57,16,56,,,,,,,,,,,
Version_2,12,40,50,16,43,,,,,,,,,,,
Version_2,13,83,73,16,66,,,,,,,,,,,
Version_2,14,10,38,16,14,,,,,,,,,,,
Version_2,15,7,20,16,12,,,,,,,,,,,
Version_2,16,30,37,16,32,,,,,,,,,,,
Version_2,17,50,48,16,49,,,,,,,,,,,
Version_2,18,50,40,16,50,,,,,,,,,,,
Version_2,19,43,55,16,45,,,,,,,,,,,
Version_2,20,17,34,16,19,,,,,,,,,,,
Version_2,21,0,25,16,2,,,,,,,,,,,
Version_2,22,87,72,16,68,,,,,,,,,,,
Version_2,23,47,50,16,48,,,,,,,,,,,
Version_2,24,23,39,16,26,,,,,,,,,,,
Version_2,25,13,31,16,15,,,,,,,,,,,
Version_2,26,90,85,16,71,,,,,,,,,,,
Version_2,27,23,36,16,27,,,,,,,,,,,
Version_2,28,37,40,16,37,,,,,,,,,,,
Version_2,29,23,18,16,28,,,,,,,,,,,
Version_2,30,63,57,16,59,,,,,,,,,,,
Version_2,31,3,13,16,10,,,,,,,,,,,
Version_2,32,100,90,16,77,,,,,,,,,,,
Version_2,33,30,20,16,33,,,,,,,,,,,
Version_2,34,83,75,16,67,,,,,,,,,,,
Version_2,35,80,62,16,64,,,,,,,,,,,
Version_2,36,13,28,16,16,,,,,,,,,,,
Version_2,37,80,76,16,65,,,,,,,,,,,
Version_2,38,7,37,16,13,,,,,,,,,,,
Version_2,39,37,46,16,38,,,,,,,,,,,
Version_2,40,87,82,16,69,,,,,,,,,,,
Version_2,41,30,24,16,34,,,,,,,,,,,
Version_2,42,70,70,16,60,,,,,,,,,,,
Version_2,43,0,8,16,3,,,,,,,,,,,
Version_2,44,43,50,16,46,,,,,,,,,,,
Version_2,45,73,66,16,62,,,,,,,,,,,
Version_2,46,90,90,16,72,,,,,,,,,,,
Version_2,47,50,53,16,51,,,,,,,,,,,
Version_2,48,3,7,16,11,,,,,,,,,,,
Version_2,49,0,25,16,4,,,,,,,,,,,
Version_2,50,40,52,16,44,,,,,,,,,,,
Version_2,51,0,7,16,5,,,,,,,,,,,
Version_2,52,13,36,16,17,,,,,,,,,,,
Version_2,53,20,20,16,24,,,,,,,,,,,
Version_2,54,17,45,16,20,,,,,,,,,,,
Version_2,55,53,58,16,52,,,,,,,,,,,
Version_2,56,37,45,16,39,,,,,,,,,,,
Version_2,57,17,22,16,21,,,,,,,,,,,
Version_2,58,23,30,16,29,,,,,,,,,,,
Version_2,59,90,92,16,73,,,,,,,,,,,
Version_2,60,87,64,16,70,,,,,,,,,,,
Version_2,61,53,56,16,53,,,,,,,,,,,
Version_2,62,43,40,16,47,,,,,,,,,,,
Version_2,63,37,51,16,40,,,,,,,,,,,
Version_2,64,60,56,16,57,,,,,,,,,,,
Version_2,65,20,39,16,25,,,,,,,,,,,
Version_2,66,27,21,16,30,,,,,,,,,,,
Version_2,67,57,60,16,55,,,,,,,,,,,
Version_2,68,73,59,16,63,,,,,,,,,,,
Version_2,69,37,42,16,41,,,,,,,,,,,
Version_2,70,70,63,16,61,,,,,,,,,,,
Version_2,71,53,54,16,54,,,,,,,,,,,
Version_2,72,90,87,16,74,,,,,,,,,,,
Version_2,73,100,95,16,78,,,,,,,,,,,
Version_2,74,100,92,16,79,,,,,,,,,,,
Version_2,75,37,42,16,42,,,,,,,,,,,
Version_2,76,97,98,16,76,,,,,,,,,,,
Version_2,77,100,96,16,80,,,,,,,,,,,
Version_2,78,100,100,16,81,,,,,,,,,,,
Version_2,79,100,100,16,82,,,,,,,,,,,
Version_2,80,100,97,16,83,,,,,,,,,,,
Version_2,81,100,99,16,84,,,,,,,,,,,
Version_2,82,100,96,16,85,,,,,,,,,,,
Version_2,83,100,99,16,86,,,,,,,,,,,
Version_2,84,100,93,16,87,,,,,,,,,,,
Version_2,85,60,56,16,58,,,,,,,,,,,
Version_2,86,100,98,16,88,,,,,,,,,,,
Version_2,87,90,89,16,75,,,,,,,,,,,
Version_2,88,100,100,16,89,,,,,,,,,,,
Version_2,89,100,91,16,90,,,,,,,,,,,
Version_2,90,0,1,16,6,,,,,,,,,,,
Version_2,1,0,0,17,1,,,,,,,,,,,
Version_2,2,20,30,17,22,,,,,,,,,,,
Version_2,3,3,10,17,7,,,,,,,,,,,
Version_2,4,3,10,17,8,,,,,,,,,,,
Version_2,5,17,30,17,18,,,,,,,,,,,
Version_2,6,3,0,17,9,,,,,,,,,,,
Version_2,7,37,40,17,36,,,,,,,,,,,
Version_2,8,20,30,17,23,,,,,,,,,,,
Version_2,9,33,20,17,35,,,,,,,,,,,
Version_2,10,30,20,17,31,,,,,,,,,,,
Version_2,11,60,50,17,56,,,,,,,,,,,
Version_2,12,40,30,17,43,,,,,,,,,,,
Version_2,13,83,80,17,66,,,,,,,,,,,
Version_2,14,10,30,17,14,,,,,,,,,,,
Version_2,15,7,30,17,12,,,,,,,,,,,
Version_2,16,30,30,17,32,,,,,,,,,,,
Version_2,17,50,50,17,49,,,,,,,,,,,
Version_2,18,50,50,17,50,,,,,,,,,,,
Version_2,19,43,50,17,45,,,,,,,,,,,
Version_2,20,17,30,17,19,,,,,,,,,,,
Version_2,21,0,10,17,2,,,,,,,,,,,
Version_2,22,87,80,17,68,,,,,,,,,,,
Version_2,23,47,50,17,48,,,,,,,,,,,
Version_2,24,23,20,17,26,,,,,,,,,,,
Version_2,25,13,20,17,15,,,,,,,,,,,
Version_2,26,90,90,17,71,,,,,,,,,,,
Version_2,27,23,10,17,27,,,,,,,,,,,
Version_2,28,37,20,17,37,,,,,,,,,,,
Version_2,29,23,10,17,28,,,,,,,,,,,
Version_2,30,63,80,17,59,,,,,,,,,,,
Version_2,31,3,0,17,10,,,,,,,,,,,
Version_2,32,100,100,17,77,,,,,,,,,,,
Version_2,33,30,10,17,33,,,,,,,,,,,
Version_2,34,83,90,17,67,,,,,,,,,,,
Version_2,35,80,70,17,64,,,,,,,,,,,
Version_2,36,13,10,17,16,,,,,,,,,,,
Version_2,37,80,80,17,65,,,,,,,,,,,
Version_2,38,7,20,17,13,,,,,,,,,,,
Version_2,39,37,20,17,38,,,,,,,,,,,
Version_2,40,87,90,17,69,,,,,,,,,,,
Version_2,41,30,30,17,34,,,,,,,,,,,
Version_2,42,70,80,17,60,,,,,,,,,,,
Version_2,43,0,10,17,3,,,,,,,,,,,
Version_2,44,43,40,17,46,,,,,,,,,,,
Version_2,45,73,60,17,62,,,,,,,,,,,
Version_2,46,90,90,17,72,,,,,,,,,,,
Version_2,47,50,50,17,51,,,,,,,,,,,
Version_2,48,3,10,17,11,,,,,,,,,,,
Version_2,49,0,10,17,4,,,,,,,,,,,
Version_2,50,40,50,17,44,,,,,,,,,,,
Version_2,51,0,0,17,5,,,,,,,,,,,
Version_2,52,13,10,17,17,,,,,,,,,,,
Version_2,53,20,20,17,24,,,,,,,,,,,
Version_2,54,17,30,17,20,,,,,,,,,,,
Version_2,55,53,60,17,52,,,,,,,,,,,
Version_2,56,37,40,17,39,,,,,,,,,,,
Version_2,57,17,10,17,21,,,,,,,,,,,
Version_2,58,23,20,17,29,,,,,,,,,,,
Version_2,59,90,90,17,73,,,,,,,,,,,
Version_2,60,87,80,17,70,,,,,,,,,,,
Version_2,61,53,60,17,53,,,,,,,,,,,
Version_2,62,43,40,17,47,,,,,,,,,,,
Version_2,63,37,40,17,40,,,,,,,,,,,
Version_2,64,60,60,17,57,,,,,,,,,,,
Version_2,65,20,20,17,25,,,,,,,,,,,
Version_2,66,27,10,17,30,,,,,,,,,,,
Version_2,67,57,60,17,55,,,,,,,,,,,
Version_2,68,73,60,17,63,,,,,,,,,,,
Version_2,69,37,10,17,41,,,,,,,,,,,
Version_2,70,70,70,17,61,,,,,,,,,,,
Version_2,71,53,60,17,54,,,,,,,,,,,
Version_2,72,90,90,17,74,,,,,,,,,,,
Version_2,73,100,100,17,78,,,,,,,,,,,
Version_2,74,100,100,17,79,,,,,,,,,,,
Version_2,75,37,50,17,42,,,,,,,,,,,
Version_2,76,97,100,17,76,,,,,,,,,,,
Version_2,77,100,100,17,80,,,,,,,,,,,
Version_2,78,100,100,17,81,,,,,,,,,,,
Version_2,79,100,100,17,82,,,,,,,,,,,
Version_2,80,100,100,17,83,,,,,,,,,,,
Version_2,81,100,100,17,84,,,,,,,,,,,
Version_2,82,100,100,17,85,,,,,,,,,,,
Version_2,83,100,100,17,86,,,,,,,,,,,
Version_2,84,100,100,17,87,,,,,,,,,,,
Version_2,85,60,60,17,58,,,,,,,,,,,
Version_2,86,100,100,17,88,,,,,,,,,,,
Version_2,87,90,90,17,75,,,,,,,,,,,
Version_2,88,100,100,17,89,,,,,,,,,,,
Version_2,89,100,100,17,90,,,,,,,,,,,
Version_2,90,0,0,17,6,,,,,,,,,,,