method,plant_id,actual,rater,estimate,order_id
Version_1,1,9,1,10,12
Version_1,2,8,1,5,9
Version_1,3,9,1,0,13
Version_1,4,17,1,30,26
Version_1,5,12,1,20,18
Version_1,6,44,1,40,42
Version_1,7,23,1,50,34
Version_1,8,13,1,20,20
Version_1,9,14,1,5,23
Version_1,10,28,1,10,35
Version_1,11,42,1,25,41
Version_1,12,9,1,5,14
Version_1,13,7,1,5,6
Version_1,14,10,1,10,16
Version_1,15,33,1,30,36
Version_1,16,100,1,100,50
Version_1,17,100,1,100,51
Version_1,18,100,1,100,52
Version_1,19,100,1,100,53
Version_1,20,100,1,100,54
Version_1,21,100,1,90,55
Version_1,22,100,1,95,56
Version_1,23,100,1,95,57
Version_1,24,100,1,95,58
Version_1,25,100,1,100,59
Version_1,26,13,1,15,21
Version_1,27,14,1,5,24
Version_1,28,12,1,5,19
Version_1,29,9,1,0,15
Version_1,30,16,1,20,25
Version_1,31,33,1,50,37
Version_1,32,22,1,40,33
Version_1,33,100,1,90,60
Version_1,34,11,1,15,17
Version_1,35,88,1,75,47
Version_1,36,100,1,100,61
Version_1,37,50,1,65,43
Version_1,38,100,1,100,62
Version_1,39,8,1,15,10
Version_1,40,37,1,45,39
Version_1,41,17,1,30,27
Version_1,42,4,1,0,2
Version_1,43,8,1,15,11
Version_1,44,34,1,75,38
Version_1,45,77,1,80,45
Version_1,46,77,1,85,46
Version_1,47,100,1,95,63
Version_1,48,100,1,100,64
Version_1,49,100,1,100,65
Version_1,50,100,1,100,66
Version_1,51,7,1,5,7
Version_1,52,7,1,0,8
Version_1,53,4,1,5,3
Version_1,54,17,1,35,28
Version_1,55,100,1,95,67
Version_1,56,97,1,90,48
Version_1,57,17,1,15,29
Version_1,58,100,1,100,68
Version_1,59,100,1,100,69
Version_1,60,3,1,0,1
Version_1,61,6,1,10,5
Version_1,62,20,1,20,31
Version_1,63,13,1,15,22
Version_1,64,19,1,30,30
Version_1,65,100,1,100,70
Version_1,66,100,1,100,71
Version_1,67,100,1,100,72
Version_1,68,100,1,95,73
Version_1,69,100,1,95,74
Version_1,70,100,1,100,75
Version_1,71,56,1,60,44
Version_1,72,20,1,35,32
Version_1,73,97,1,80,49
Version_1,74,5,1,10,4
Version_1,75,39,1,40,40
Version_1,1,9,2,4,12
Version_1,2,8,2,3,9
Version_1,3,9,2,0,13
Version_1,4,17,2,15,26
Version_1,5,12,2,12,18
Version_1,6,44,2,6,42
Version_1,7,23,2,8,34
Version_1,8,13,2,7,20
Version_1,9,14,2,3,23
Version_1,10,28,2,1,35
Version_1,11,42,2,10,41
Version_1,12,9,2,8,14
Version_1,13,7,2,9,6
Version_1,14,10,2,4,16
Version_1,15,33,2,18,36
Version_1,16,100,2,100,50
Version_1,17,100,2,100,51
Version_1,18,100,2,100,52
Version_1,19,100,2,100,53
Version_1,20,100,2,100,54
Version_1,21,100,2,100,55
Version_1,22,100,2,100,56
Version_1,23,100,2,100,57
Version_1,24,100,2,100,58
Version_1,25,100,2,100,59
Version_1,26,13,2,9,21
Version_1,27,14,2,2,24
Version_1,28,12,2,2,19
Version_1,29,9,2,0,15
Version_1,30,16,2,8,25
Version_1,31,33,2,75,37
Version_1,32,22,2,30,33
Version_1,33,100,2,93,60
Version_1,34,11,2,28,17
Version_1,35,88,2,86,47
Version_1,36,100,2,100,61
Version_1,37,50,2,83,43
Version_1,38,100,2,100,62
Version_1,39,8,2,14,10
Version_1,40,37,2,50,39
Version_1,41,17,2,30,27
Version_1,42,4,2,0,2
Version_1,43,8,2,4,11
Version_1,44,34,2,36,38
Version_1,45,77,2,78,45
Version_1,46,77,2,82,46
Version_1,47,100,2,97,63
Version_1,48,100,2,100,64
Version_1,49,100,2,100,65
Version_1,50,100,2,100,66
Version_1,51,7,2,2,7
Version_1,52,7,2,2,8
Version_1,53,4,2,2,3
Version_1,54,17,2,40,28
Version_1,55,100,2,100,67
Version_1,56,97,2,100,48
Version_1,57,17,2,39,29
Version_1,58,100,2,100,68
Version_1,59,100,2,90,69
Version_1,60,3,2,3,1
Version_1,61,6,2,2,5
Version_1,62,20,2,16,31
Version_1,63,13,2,9,22
Version_1,64,19,2,17,30
Version_1,65,100,2,100,70
Version_1,66,100,2,100,71
Version_1,67,100,2,100,72
Version_1,68,100,2,100,73
Version_1,69,100,2,100,74
Version_1,70,100,2,100,75
Version_1,71,56,2,70,44
Version_1,72,20,2,60,32
Version_1,73,97,2,94,49
Version_1,74,5,2,1,4
Version_1,75,39,2,36,40
Version_1,1,9,3,0,12
Version_1,2,8,3,10,9
Version_1,3,9,3,0,13
Version_1,4,17,3,10,26
Version_1,5,12,3,10,18
Version_1,6,44,3,10,42
Version_1,7,23,3,10,34
Version_1,8,13,3,10,20
Version_1,9,14,3,0,23
Version_1,10,28,3,0,35
Version_1,11,42,3,10,41
Version_1,12,9,3,0,14
Version_1,13,7,3,0,6
Version_1,14,10,3,10,16
Version_1,15,33,3,20,36
Version_1,16,100,3,100,50
Version_1,17,100,3,100,51
Version_1,18,100,3,100,52
Version_1,19,100,3,90,53
Version_1,20,100,3,100,54
Version_1,21,100,3,100,55
Version_1,22,100,3,100,56
Version_1,23,100,3,100,57
Version_1,24,100,3,100,58
Version_1,25,100,3,100,59
Version_1,26,13,3,10,21
Version_1,27,14,3,0,24
Version_1,28,12,3,0,19
Version_1,29,9,3,0,15
Version_1,30,16,3,10,25
Version_1,31,33,3,60,37
Version_1,32,22,3,10,33
Version_1,33,100,3,100,60
Version_1,34,11,3,10,17
Version_1,35,88,3,80,47
Version_1,36,100,3,100,61
Version_1,37,50,3,60,43
Version_1,38,100,3,100,62
Version_1,39,8,3,10,10
Version_1,40,37,3,20,39
Version_1,41,17,3,10,27
Version_1,42,4,3,0,2
Version_1,43,8,3,0,11
Version_1,44,34,3,20,38
Version_1,45,77,3,70,45
Version_1,46,77,3,70,46
Version_1,47,100,3,100,63
Version_1,48,100,3,100,64
Version_1,49,100,3,100,65
Version_1,50,100,3,100,66
Version_1,51,7,3,0,7
Version_1,52,7,3,0,8
Version_1,53,4,3,0,3
Version_1,54,17,3,10,28
Version_1,55,100,3,100,67
Version_1,56,97,3,90,48
Version_1,57,17,3,50,29
Version_1,58,100,3,100,68
Version_1,59,100,3,90,69
Version_1,61,6,3,0,5
Version_1,62,20,3,10,31
Version_1,63,13,3,10,22
Version_1,64,19,3,10,30
Version_1,65,100,3,100,70
Version_1,66,100,3,100,71
Version_1,67,100,3,100,72
Version_1,68,100,3,100,73
Version_1,69,100,3,100,74
Version_1,70,100,3,100,75
Version_1,71,56,3,30,44
Version_1,72,20,3,10,32
Version_1,73,97,3,90,49
Version_1,74,5,3,0,4
Version_1,75,39,3,30,40
Version_1,1,9,4,10,12
Version_1,2,8,4,5,9
Version_1,3,9,4,0,13
Version_1,4,17,4,35,26
Version_1,5,12,4,30,18
Version_1,6,44,4,35,42
Version_1,7,23,4,30,34
Version_1,8,13,4,20,20
Version_1,9,14,4,0,23
Version_1,10,28,4,5,35
Version_1,11,42,4,15,41
Version_1,12,9,4,5,14
Version_1,13,7,4,0,6
Version_1,14,10,4,20,16
Version_1,15,33,4,50,36
Version_1,16,100,4,100,50
Version_1,17,100,4,100,51
Version_1,18,100,4,100,52
Version_1,19,100,4,100,53
Version_1,20,100,4,100,54
Version_1,21,100,4,100,55
Version_1,22,100,4,100,56
Version_1,23,100,4,100,57
Version_1,24,100,4,100,58
Version_1,25,100,4,100,59
Version_1,26,13,4,45,21
Version_1,27,14,4,15,24
Version_1,28,12,4,10,19
Version_1,29,9,4,0,15
Version_1,30,16,4,45,25
Version_1,31,33,4,65,37
Version_1,32,22,4,55,33
Version_1,33,100,4,90,60
Version_1,34,11,4,30,17
Version_1,35,88,4,85,47
Version_1,36,100,4,100,61
Version_1,37,50,4,75,43
Version_1,38,100,4,100,62
Version_1,39,8,4,30,10
Version_1,40,37,4,65,39
Version_1,41,17,4,40,27
Version_1,42,4,4,0,2
Version_1,43,8,4,10,11
Version_1,44,34,4,55,38
Version_1,45,77,4,70,45
Version_1,46,77,4,75,46
Version_1,47,100,4,100,63
Version_1,48,100,4,100,64
Version_1,49,100,4,100,65
Version_1,50,100,4,100,66
Version_1,51,7,4,30,7
Version_1,52,7,4,10,8
Version_1,53,4,4,10,3
Version_1,54,17,4,50,28
Version_1,55,100,4,100,67
Version_1,56,97,4,95,48
Version_1,57,17,4,45,29
Version_1,58,100,4,100,68
Version_1,59,100,4,100,69
Version_1,60,3,4,5,1
Version_1,61,6,4,15,5
Version_1,62,20,4,40,31
Version_1,63,13,4,10,22
Version_1,64,19,4,45,30
Version_1,65,100,4,100,70
Version_1,66,100,4,100,71
Version_1,67,100,4,100,72
Version_1,68,100,4,100,73
Version_1,69,100,4,100,74
Version_1,70,100,4,100,75
Version_1,71,56,4,80,44
Version_1,72,20,4,65,32
Version_1,73,97,4,95,49
Version_1,74,5,4,10,4
Version_1,75,39,4,55,40
Version_1,1,9,5,0,12
Version_1,2,8,5,0,9
Version_1,3,9,5,0,13
Version_1,4,17,5,0,26
Version_1,5,12,5,0,18
Version_1,6,44,5,0,42
Version_1,7,23,5,5,34
Version_1,8,13,5,0,20
Version_1,9,14,5,0,23
Version_1,10,28,5,5,35
Version_1,11,42,5,10,41
Version_1,12,9,5,0,14
Version_1,13,7,5,0,6
Version_1,14,10,5,10,16
Version_1,15,33,5,15,36
Version_1,16,100,5,100,50
Version_1,17,100,5,100,51
Version_1,18,100,5,100,52
Version_1,19,100,5,100,53
Version_1,20,100,5,100,54
Version_1,21,100,5,100,55
Version_1,22,100,5,100,56
Version_1,23,100,5,100,57
Version_1,24,100,5,100,58
Version_1,25,100,5,100,59
Version_1,26,13,5,5,21
Version_1,27,14,5,0,24
Version_1,28,12,5,0,19
Version_1,29,9,5,0,15
Version_1,30,16,5,0,25
Version_1,31,33,5,60,37
Version_1,32,22,5,40,33
Version_1,33,100,5,90,60
Version_1,34,11,5,15,17
Version_1,35,88,5,85,47
Version_1,36,100,5,100,61
Version_1,37,50,5,75,43
Version_1,38,100,5,100,62
Version_1,39,8,5,15,10
Version_1,40,37,5,50,39
Version_1,41,17,5,20,27
Version_1,42,4,5,0,2
Version_1,43,8,5,10,11
Version_1,44,34,5,25,38
Version_1,45,77,5,75,45
Version_1,46,77,5,75,46
Version_1,47,100,5,85,63
Version_1,48,100,5,100,64
Version_1,49,100,5,90,65
Version_1,50,100,5,100,66
Version_1,51,7,5,0,7
Version_1,52,7,5,0,8
Version_1,53,4,5,0,3
Version_1,54,17,5,35,28
Version_1,55,100,5,100,67
Version_1,56,97,5,85,48
Version_1,57,17,5,20,29
Version_1,58,100,5,100,68
Version_1,59,100,5,100,69
Version_1,60,3,5,0,1
Version_1,61,6,5,0,5
Version_1,62,20,5,15,31
Version_1,63,13,5,0,22
Version_1,64,19,5,20,30
Version_1,65,100,5,100,70
Version_1,66,100,5,100,71
Version_1,67,100,5,100,72
Version_1,68,100,5,100,73
Version_1,69,100,5,100,74
Version_1,70,100,5,100,75
Version_1,71,56,5,25,44
Version_1,72,20,5,10,32
Version_1,73,97,5,90,49
Version_1,74,5,5,0,4
Version_1,75,39,5,30,40
Version_1,1,9,6,0,12
Version_1,2,8,6,0,9
Version_1,3,9,6,0,13
Version_1,4,17,6,30,26
Version_1,5,12,6,10,18
Version_1,6,44,6,10,42
Version_1,7,23,6,40,34
Version_1,8,13,6,10,20
Version_1,9,14,6,0,23
Version_1,10,28,6,0,35
Version_1,11,42,6,10,41
Version_1,12,9,6,0,14
Version_1,13,7,6,0,6
Version_1,14,10,6,10,16
Version_1,15,33,6,10,36
Version_1,16,100,6,100,50
Version_1,17,100,6,80,51
Version_1,18,100,6,100,52
Version_1,19,100,6,90,53
Version_1,20,100,6,100,54
Version_1,21,100,6,100,55
Version_1,22,100,6,90,56
Version_1,23,100,6,90,57
Version_1,24,100,6,90,58
Version_1,25,100,6,100,59
Version_1,26,13,6,30,21
Version_1,27,14,6,10,24
Version_1,28,12,6,10,19
Version_1,29,9,6,0,15
Version_1,30,16,6,10,25
Version_1,31,33,6,60,37
Version_1,32,22,6,40,33
Version_1,33,100,6,80,60
Version_1,34,11,6,10,17
Version_1,35,88,6,70,47
Version_1,36,100,6,100,61
Version_1,37,50,6,50,43
Version_1,38,100,6,90,62
Version_1,39,8,6,30,10
Version_1,40,37,6,50,39
Version_1,41,17,6,50,27
Version_1,42,4,6,0,2
Version_1,43,8,6,10,11
Version_1,44,34,6,50,38
Version_1,45,77,6,70,45
Version_1,46,77,6,70,46
Version_1,47,100,6,90,63
Version_1,48,100,6,100,64
Version_1,49,100,6,90,65
Version_1,50,100,6,90,66
Version_1,51,7,6,10,7
Version_1,52,7,6,10,8
Version_1,53,4,6,10,3
Version_1,54,17,6,10,28
Version_1,55,100,6,100,67
Version_1,56,97,6,90,48
Version_1,57,17,6,40,29
Version_1,58,100,6,100,68
Version_1,59,100,6,80,69
Version_1,60,3,6,0,1
Version_1,61,6,6,10,5
Version_1,62,20,6,30,31
Version_1,63,13,6,10,22
Version_1,64,19,6,10,30
Version_1,65,100,6,80,70
Version_1,66,100,6,80,71
Version_1,67,100,6,90,72
Version_1,68,100,6,90,73
Version_1,69,100,6,90,74
Version_1,70,100,6,90,75
Version_1,71,56,6,70,44
Version_1,72,20,6,30,32
Version_1,73,97,6,80,49
Version_1,74,5,6,10,4
Version_1,75,39,6,50,40
Version_1,1,9,7,0,12
Version_1,2,8,7,0,9
Version_1,3,9,7,0,13
Version_1,4,17,7,10,26
Version_1,5,12,7,20,18
Version_1,6,44,7,10,42
Version_1,7,23,7,20,34
Version_1,8,13,7,10,20
Version_1,9,14,7,0,23
Version_1,10,28,7,0,35
Version_1,11,42,7,0,41
Version_1,12,9,7,0,14
Version_1,13,7,7,0,6
Version_1,14,10,7,10,16
Version_1,15,33,7,20,36
Version_1,16,100,7,100,50
Version_1,17,100,7,100,51
Version_1,18,100,7,90,52
Version_1,19,100,7,100,53
Version_1,20,100,7,100,54
Version_1,21,100,7,100,55
Version_1,22,100,7,90,56
Version_1,23,100,7,100,57
Version_1,24,100,7,90,58
Version_1,25,100,7,100,59
Version_1,26,13,7,10,21
Version_1,27,14,7,10,24
Version_1,28,12,7,0,19
Version_1,29,9,7,0,15
Version_1,30,16,7,10,25
Version_1,31,33,7,80,37
Version_1,32,22,7,40,33
Version_1,33,100,7,90,60
Version_1,34,11,7,20,17
Version_1,35,88,7,80,47
Version_1,36,100,7,100,61
Version_1,37,50,7,80,43
Version_1,38,100,7,100,62
Version_1,39,8,7,40,10
Version_1,40,37,7,50,39
Version_1,41,17,7,40,27
Version_1,42,4,7,0,2
Version_1,43,8,7,0,11
Version_1,44,34,7,10,38
Version_1,45,77,7,70,45
Version_1,46,77,7,70,46
Version_1,47,100,7,90,63
Version_1,48,100,7,100,64
Version_1,49,100,7,100,65
Version_1,50,100,7,100,66
Version_1,51,7,7,10,7
Version_1,52,7,7,0,8
Version_1,53,4,7,0,3
Version_1,54,17,7,20,28
Version_1,55,100,7,100,67
Version_1,56,97,7,90,48
Version_1,57,17,7,40,29
Version_1,58,100,7,100,68
Version_1,59,100,7,100,69
Version_1,60,3,7,0,1
Version_1,61,6,7,10,5
Version_1,62,20,7,20,31
Version_1,63,13,7,10,22
Version_1,64,19,7,40,30
Version_1,65,100,7,100,70
Version_1,66,100,7,100,71
Version_1,67,100,7,100,72
Version_1,68,100,7,90,73
Version_1,69,100,7,90,74
Version_1,70,100,7,100,75
Version_1,71,56,7,70,44
Version_1,72,20,7,30,32
Version_1,73,97,7,90,49
Version_1,74,5,7,10,4
Version_1,75,39,7,40,40
Version_1,1,9,8,0,12
Version_1,2,8,8,0,9
Version_1,3,9,8,0,13
Version_1,4,17,8,10,26
Version_1,5,12,8,5,18
Version_1,6,44,8,5,42
Version_1,7,23,8,0,34
Version_1,8,13,8,5,20
Version_1,9,14,8,0,23
Version_1,10,28,8,0,35
Version_1,11,42,8,0,41
Version_1,12,9,8,0,14
Version_1,13,7,8,0,6
Version_1,14,10,8,10,16
Version_1,15,33,8,50,36
Version_1,16,100,8,95,50
Version_1,17,100,8,90,51
Version_1,18,100,8,95,52
Version_1,19,100,8,95,53
Version_1,20,100,8,100,54
Version_1,21,100,8,100,55
Version_1,22,100,8,100,56
Version_1,23,100,8,100,57
Version_1,24,100,8,100,58
Version_1,25,100,8,100,59
Version_1,26,13,8,10,21
Version_1,27,14,8,5,24
Version_1,28,12,8,0,19
Version_1,29,9,8,0,15
Version_1,30,16,8,20,25
Version_1,31,33,8,65,37
Version_1,32,22,8,50,33
Version_1,33,100,8,85,60
Version_1,34,11,8,15,17
Version_1,35,88,8,75,47
Version_1,36,100,8,100,61
Version_1,37,50,8,70,43
Version_1,38,100,8,100,62
Version_1,39,8,8,35,10
Version_1,40,37,8,45,39
Version_1,41,17,8,45,27
Version_1,42,4,8,0,2
Version_1,43,8,8,5,11
Version_1,44,34,8,10,38
Version_1,45,77,8,50,45
Version_1,46,77,8,50,46
Version_1,47,100,8,90,63
Version_1,48,100,8,100,64
Version_1,49,100,8,95,65
Version_1,50,100,8,95,66
Version_1,51,7,8,5,7
Version_1,52,7,8,0,8
Version_1,53,4,8,5,3
Version_1,54,17,8,40,28
Version_1,55,100,8,100,67
Version_1,56,97,8,95,48
Version_1,57,17,8,55,29
Version_1,58,100,8,95,68
Version_1,59,100,8,90,69
Version_1,60,3,8,0,1
Version_1,61,6,8,10,5
Version_1,62,20,8,40,31
Version_1,63,13,8,10,22
Version_1,64,19,8,35,30
Version_1,65,100,8,95,70
Version_1,66,100,8,95,71
Version_1,67,100,8,95,72
Version_1,68,100,8,100,73
Version_1,69,100,8,100,74
Version_1,70,100,8,100,75
Version_1,71,56,8,60,44
Version_1,72,20,8,30,32
Version_1,73,97,8,80,49
Version_1,74,5,8,5,4
Version_1,75,39,8,50,40
Version_1,1,9,9,0,12
Version_1,2,8,9,0,9
Version_1,3,9,9,10,13
Version_1,4,17,9,20,26
Version_1,5,12,9,10,18
Version_1,6,44,9,10,42
Version_1,7,23,9,10,34
Version_1,8,13,9,0,20
Version_1,9,14,9,0,23
Version_1,10,28,9,0,35
Version_1,11,42,9,10,41
Version_1,12,9,9,0,14
Version_1,13,7,9,0,6
Version_1,14,10,9,5,16
Version_1,15,33,9,25,36
Version_1,16,100,9,100,50
Version_1,17,100,9,90,51
Version_1,18,100,9,100,52
Version_1,19,100,9,90,53
Version_1,20,100,9,100,54
Version_1,21,100,9,100,55
Version_1,22,100,9,100,56
Version_1,23,100,9,90,57
Version_1,24,100,9,90,58
Version_1,25,100,9,100,59
Version_1,26,13,9,30,21
Version_1,27,14,9,5,24
Version_1,28,12,9,5,19
Version_1,29,9,9,5,15
Version_1,30,16,9,5,25
Version_1,31,33,9,75,37
Version_1,32,22,9,35,33
Version_1,33,100,9,85,60
Version_1,34,11,9,0,17
Version_1,35,88,9,75,47
Version_1,36,100,9,100,61
Version_1,37,50,9,55,43
Version_1,38,100,9,90,62
Version_1,39,8,9,5,10
Version_1,40,37,9,35,39
Version_1,41,17,9,25,27
Version_1,42,4,9,0,2
Version_1,43,8,9,5,11
Version_1,44,34,9,45,38
Version_1,45,77,9,65,45
Version_1,46,77,9,60,46
Version_1,47,100,9,90,63
Version_1,48,100,9,100,64
Version_1,49,100,9,90,65
Version_1,50,100,9,95,66
Version_1,51,7,9,10,7
Version_1,52,7,9,5,8
Version_1,53,4,9,5,3
Version_1,54,17,9,15,28
Version_1,55,100,9,100,67
Version_1,56,97,9,90,48
Version_1,57,17,9,40,29
Version_1,58,100,9,100,68
Version_1,59,100,9,85,69
Version_1,60,3,9,5,1
Version_1,61,6,9,5,5
Version_1,62,20,9,20,31
Version_1,63,13,9,5,22
Version_1,64,19,9,10,30
Version_1,65,100,9,90,70
Version_1,66,100,9,90,71
Version_1,67,100,9,95,72
Version_1,68,100,9,100,73
Version_1,69,100,9,95,74
Version_1,70,100,9,95,75
Version_1,71,56,9,45,44
Version_1,72,20,9,15,32
Version_1,73,97,9,85,49
Version_1,74,5,9,5,4
Version_1,75,39,9,45,40
Version_1,1,9,10,0,12
Version_1,2,8,10,0,9
Version_1,3,9,10,0,13
Version_1,4,17,10,10,26
Version_1,5,12,10,10,18
Version_1,6,44,10,10,42
Version_1,7,23,10,30,34
Version_1,8,13,10,0,20
Version_1,9,14,10,10,23
Version_1,10,28,10,0,35
Version_1,11,42,10,10,41
Version_1,12,9,10,0,14
Version_1,13,7,10,0,6
Version_1,14,10,10,30,16
Version_1,15,33,10,40,36
Version_1,16,100,10,100,50
Version_1,17,100,10,90,51
Version_1,18,100,10,100,52
Version_1,19,100,10,90,53
Version_1,20,100,10,100,54
Version_1,21,100,10,100,55
Version_1,22,100,10,100,56
Version_1,23,100,10,100,57
Version_1,24,100,10,100,58
Version_1,25,100,10,100,59
Version_1,26,13,10,10,21
Version_1,27,14,10,0,24
Version_1,28,12,10,10,19
Version_1,29,9,10,0,15
Version_1,30,16,10,30,25
Version_1,31,33,10,70,37
Version_1,32,22,10,70,33
Version_1,33,100,10,80,60
Version_1,34,11,10,10,17
Version_1,35,88,10,80,47
Version_1,36,100,10,100,61
Version_1,37,50,10,70,43
Version_1,38,100,10,90,62
Version_1,39,8,10,10,10
Version_1,40,37,10,50,39
Version_1,41,17,10,40,27
Version_1,42,4,10,0,2
Version_1,43,8,10,0,11
Version_1,44,34,10,40,38
Version_1,45,77,10,70,45
Version_1,46,77,10,70,46
Version_1,47,100,10,90,63
Version_1,48,100,10,100,64
Version_1,49,100,10,90,65
Version_1,50,100,10,90,66
Version_1,51,7,10,0,7
Version_1,52,7,10,0,8
Version_1,53,4,10,0,3
Version_1,54,17,10,30,28
Version_1,55,100,10,100,67
Version_1,56,97,10,90,48
Version_1,57,17,10,30,29
Version_1,58,100,10,100,68
Version_1,59,100,10,80,69
Version_1,60,3,10,0,1
Version_1,61,6,10,10,5
Version_1,62,20,10,10,31
Version_1,63,13,10,10,22
Version_1,64,19,10,10,30
Version_1,65,100,10,90,70
Version_1,66,100,10,90,71
Version_1,67,100,10,90,72
Version_1,68,100,10,100,73
Version_1,69,100,10,90,74
Version_1,70,100,10,90,75
Version_1,71,56,10,50,44
Version_1,72,20,10,40,32
Version_1,73,97,10,80,49
Version_1,74,5,10,0,4
Version_1,75,39,10,40,40
Version_1,1,9,11,0,12
Version_1,2,8,11,0,9
Version_1,3,9,11,0,13
Version_1,4,17,11,30,26
Version_1,5,12,11,0,18
Version_1,6,44,11,10,42
Version_1,7,23,11,10,34
Version_1,8,13,11,10,20
Version_1,9,14,11,0,23
Version_1,10,28,11,0,35
Version_1,11,42,11,10,41
Version_1,12,9,11,0,14
Version_1,13,7,11,0,6
Version_1,14,10,11,10,16
Version_1,15,33,11,60,36
Version_1,16,100,11,100,50
Version_1,17,100,11,100,51
Version_1,18,100,11,100,52
Version_1,19,100,11,100,53
Version_1,20,100,11,100,54
Version_1,21,100,11,100,55
Version_1,22,100,11,100,56
Version_1,23,100,11,100,57
Version_1,24,100,11,100,58
Version_1,25,100,11,100,59
Version_1,26,13,11,40,21
Version_1,27,14,11,10,24
Version_1,28,12,11,0,19
Version_1,29,9,11,0,15
Version_1,30,16,11,10,25
Version_1,31,33,11,70,37
Version_1,32,22,11,40,33
Version_1,33,100,11,100,60
Version_1,34,11,11,10,17
Version_1,35,88,11,90,47
Version_1,36,100,11,100,61
Version_1,37,50,11,90,43
Version_1,38,100,11,100,62
Version_1,39,8,11,30,10
Version_1,40,37,11,50,39
Version_1,41,17,11,30,27
Version_1,42,4,11,0,2
Version_1,43,8,11,10,11
Version_1,44,34,11,60,38
Version_1,45,77,11,90,45
Version_1,46,77,11,60,46
Version_1,47,100,11,100,63
Version_1,48,100,11,100,64
Version_1,49,100,11,100,65
Version_1,50,100,11,100,66
Version_1,51,7,11,10,7
Version_1,52,7,11,0,8
Version_1,53,4,11,10,3
Version_1,54,17,11,30,28
Version_1,55,100,11,100,67
Version_1,56,97,11,100,48
Version_1,57,17,11,50,29
Version_1,58,100,11,100,68
Version_1,59,100,11,90,69
Version_1,60,3,11,0,1
Version_1,61,6,11,10,5
Version_1,62,20,11,30,31
Version_1,63,13,11,0,22
Version_1,64,19,11,30,30
Version_1,65,100,11,100,70
Version_1,66,100,11,100,71
Version_1,67,100,11,100,72
Version_1,68,100,11,100,73
Version_1,69,100,11,100,74
Version_1,70,100,11,100,75
Version_1,71,56,11,30,44
Version_1,72,20,11,10,32
Version_1,73,97,11,90,49
Version_1,74,5,11,0,4
Version_1,75,39,11,50,40
Version_1,1,9,12,0,12
Version_1,2,8,12,0,9
Version_1,3,9,12,0,13
Version_1,4,17,12,0,26
Version_1,5,12,12,0,18
Version_1,6,44,12,0,42
Version_1,7,23,12,0,34
Version_1,8,13,12,0,20
Version_1,9,14,12,0,23
Version_1,10,28,12,0,35
Version_1,11,42,12,5,41
Version_1,12,9,12,5,14
Version_1,13,7,12,5,6
Version_1,14,10,12,0,16
Version_1,15,33,12,10,36
Version_1,16,100,12,100,50
Version_1,17,100,12,100,51
Version_1,18,100,12,100,52
Version_1,19,100,12,100,53
Version_1,20,100,12,100,54
Version_1,21,100,12,100,55
Version_1,22,100,12,100,56
Version_1,23,100,12,100,57
Version_1,24,100,12,100,58
Version_1,25,100,12,100,59
Version_1,26,13,12,10,21
Version_1,27,14,12,0,24
Version_1,28,12,12,0,19
Version_1,29,9,12,0,15
Version_1,30,16,12,0,25
Version_1,31,33,12,80,37
Version_1,32,22,12,40,33
Version_1,33,100,12,90,60
Version_1,34,11,12,10,17
Version_1,35,88,12,80,47
Version_1,36,100,12,100,61
Version_1,37,50,12,70,43
Version_1,38,100,12,100,62
Version_1,39,8,12,10,10
Version_1,40,37,12,30,39
Version_1,41,17,12,30,27
Version_1,42,4,12,0,2
Version_1,43,8,12,0,11
Version_1,44,34,12,40,38
Version_1,45,77,12,70,45
Version_1,46,77,12,75,46
Version_1,47,100,12,90,63
Version_1,48,100,12,100,64
Version_1,49,100,12,90,65
Version_1,50,100,12,100,66
Version_1,51,7,12,0,7
Version_1,52,7,12,0,8
Version_1,53,4,12,0,3
Version_1,54,17,12,40,28
Version_1,55,100,12,100,67
Version_1,56,97,12,85,48
Version_1,57,17,12,5,29
Version_1,58,100,12,100,68
Version_1,59,100,12,90,69
Version_1,60,3,12,0,1
Version_1,61,6,12,0,5
Version_1,62,20,12,10,31
Version_1,63,13,12,5,22
Version_1,64,19,12,10,30
Version_1,65,100,12,100,70
Version_1,66,100,12,100,71
Version_1,67,100,12,100,72
Version_1,68,100,12,100,73
Version_1,69,100,12,95,74
Version_1,70,100,12,100,75
Version_1,71,56,12,60,44
Version_1,72,20,12,5,32
Version_1,73,97,12,80,49
Version_1,74,5,12,0,4
Version_1,75,39,12,50,40
Version_2,1,0,1,0,1
Version_2,2,20,1,30,22
Version_2,3,3.333333333,1,5,7
Version_2,4,3.333333333,1,8,8
Version_2,5,16.66666667,1,8,18
Version_2,6,3.333333333,1,5,9
Version_2,7,36.66666667,1,40,36
Version_2,8,20,1,25,23
Version_2,9,33.33333333,1,45,35
Version_2,10,30,1,40,31
Version_2,11,60,1,60,56
Version_2,12,40,1,40,43
Version_2,13,83.33333333,1,85,66
Version_2,14,10,1,35,14
Version_2,15,6.666666667,1,30,12
Version_2,16,30,1,35,32
Version_2,17,50,1,65,49
Version_2,18,50,1,70,50
Version_2,19,43.33333333,1,30,45
Version_2,20,16.66666667,1,20,19
Version_2,21,0,1,0,2
Version_2,22,86.66666667,1,85,68
Version_2,23,46.66666667,1,60,48
Version_2,24,23.33333333,1,30,26
Version_2,25,13.33333333,1,25,15
Version_2,26,90,1,90,71
Version_2,27,23.33333333,1,30,27
Version_2,28,36.66666667,1,35,37
Version_2,29,23.33333333,1,5,28
Version_2,30,63.33333333,1,65,59
Version_2,31,3.333333333,1,5,10
Version_2,32,100,1,95,77
Version_2,33,30,1,20,33
Version_2,34,83.33333333,1,80,67
Version_2,35,80,1,80,64
Version_2,36,13.33333333,1,30,16
Version_2,37,80,1,80,65
Version_2,38,6.666666667,1,5,13
Version_2,39,36.66666667,1,40,38
Version_2,40,86.66666667,1,90,69
Version_2,41,30,1,10,34
Version_2,42,70,1,80,60
Version_2,43,0,1,5,3
Version_2,44,43.33333333,1,45,46
Version_2,45,73.33333333,1,80,62
Version_2,46,90,1,90,72
Version_2,47,50,1,60,51
Version_2,48,3.333333333,1,0,11
Version_2,49,0,1,5,4
Version_2,50,40,1,40,44
Version_2,51,0,1,0,5
Version_2,52,13.33333333,1,10,17
Version_2,53,20,1,20,24
Version_2,54,16.66666667,1,0,20
Version_2,55,53.33333333,1,70,52
Version_2,56,36.66666667,1,20,39
Version_2,57,16.66666667,1,20,21
Version_2,58,23.33333333,1,15,29
Version_2,59,90,1,90,73
Version_2,60,86.66666667,1,80,70
Version_2,61,53.33333333,1,55,53
Version_2,62,43.33333333,1,40,47
Version_2,63,36.66666667,1,40,40
Version_2,64,60,1,60,57
Version_2,65,20,1,25,25
Version_2,66,26.66666667,1,30,30
Version_2,67,56.66666667,1,60,55
Version_2,68,73.33333333,1,80,63
Version_2,69,36.66666667,1,40,41
Version_2,70,70,1,75,61
Version_2,71,53.33333333,1,55,54
Version_2,72,90,1,90,74
Version_2,73,100,1,98,78
Version_2,74,100,1,98,79
Version_2,75,36.66666667,1,40,42
Version_2,76,96.66666667,1,100,76
Version_2,77,100,1,100,80
Version_2,78,100,1,100,81
Version_2,79,100,1,100,82
Version_2,80,100,1,100,83
Version_2,81,100,1,100,84
Version_2,82,100,1,98,85
Version_2,83,100,1,100,86
Version_2,84,100,1,100,87
Version_2,85,60,1,65,58
Version_2,86,100,1,100,88
Version_2,87,90,1,95,75
Version_2,88,100,1,100,89
Version_2,89,100,1,98,90
Version_2,90,0,1,0,6
Version_2,1,0,2,0,1
Version_2,2,20,2,15,22
Version_2,3,3.333333333,2,3,7
Version_2,4,3.333333333,2,3,8
Version_2,5,16.66666667,2,4,18
Version_2,6,3.333333333,2,0,9
Version_2,7,36.66666667,2,25,36
Version_2,8,20,2,20,23
Version_2,9,33.33333333,2,28,35
Version_2,10,30,2,10,31
Version_2,11,60,2,45,56
Version_2,12,40,2,35,43
Version_2,13,83.33333333,2,77,66
Version_2,14,10,2,37,14
Version_2,15,6.666666667,2,20,12
Version_2,16,30,2,26,32
Version_2,17,50,2,56,49
Version_2,18,50,2,55,50
Version_2,19,43.33333333,2,60,45
Version_2,20,16.66666667,2,20,19
Version_2,21,0,2,2,2
Version_2,22,86.66666667,2,79,68
Version_2,23,46.66666667,2,67,48
Version_2,24,23.33333333,2,25,26
Version_2,25,13.33333333,2,17,15
Version_2,26,90,2,96,71
Version_2,27,23.33333333,2,12,27
Version_2,28,36.66666667,2,18,37
Version_2,29,23.33333333,2,7,28
Version_2,30,63.33333333,2,69,59
Version_2,31,3.333333333,2,4,10
Version_2,32,100,2,100,77
Version_2,33,30,2,12,33
Version_2,34,83.33333333,2,83,67
Version_2,35,80,2,79,64
Version_2,36,13.33333333,2,27,16
Version_2,37,80,2,64,65
Version_2,38,6.666666667,2,6,13
Version_2,39,36.66666667,2,20,38
Version_2,40,86.66666667,2,96,69
Version_2,41,30,2,13,34
Version_2,42,70,2,72,60
Version_2,43,0,2,0,3
Version_2,44,43.33333333,2,27,46
Version_2,45,73.33333333,2,55,62
Version_2,46,90,2,98,72
Version_2,47,50,2,28,51
Version_2,48,3.333333333,2,2,11
Version_2,49,0,2,1,4
Version_2,50,40,2,22,44
Version_2,51,0,2,3,5
Version_2,52,13.33333333,2,9,17
Version_2,53,20,2,7,24
Version_2,54,16.66666667,2,10,20
Version_2,55,53.33333333,2,16,52
Version_2,56,36.66666667,2,19,39
Version_2,57,16.66666667,2,12,21
Version_2,58,23.33333333,2,10,29
Version_2,59,90,2,100,73
Version_2,60,86.66666667,2,96,70
Version_2,61,53.33333333,2,37,53
Version_2,62,43.33333333,2,23,47
Version_2,63,36.66666667,2,20,40
Version_2,64,60,2,60,57
Version_2,65,20,2,8,25
Version_2,66,26.66666667,2,8,30
Version_2,67,56.66666667,2,38,55
Version_2,68,73.33333333,2,50,63
Version_2,69,36.66666667,2,24,41
Version_2,70,70,2,70,61
Version_2,71,53.33333333,2,43,54
Version_2,72,90,2,99,74
Version_2,73,100,2,100,78
Version_2,74,100,2,100,79
Version_2,75,36.66666667,2,37,42
Version_2,76,96.66666667,2,100,76
Version_2,77,100,2,100,80
Version_2,78,100,2,100,81
Version_2,79,100,2,100,82
Version_2,80,100,2,100,83
Version_2,81,100,2,100,84
Version_2,82,100,2,100,85
Version_2,83,100,2,100,86
Version_2,84,100,2,100,87
Version_2,85,60,2,64,58
Version_2,86,100,2,100,88
Version_2,87,90,2,100,75
Version_2,88,100,2,100,89
Version_2,89,100,2,100,90
Version_2,90,0,2,1,6
Version_2,1,0,3,0,1
Version_2,2,20,3,5,22
Version_2,3,3.333333333,3,0,7
Version_2,4,3.333333333,3,0,8
Version_2,5,16.66666667,3,10,18
Version_2,6,3.333333333,3,0,9
Version_2,7,36.66666667,3,30,36
Version_2,8,20,3,20,23
Version_2,9,33.33333333,3,50,35
Version_2,10,30,3,10,31
Version_2,11,60,3,60,56
Version_2,12,40,3,30,43
Version_2,13,83.33333333,3,90,66
Version_2,14,10,3,10,14
Version_2,15,6.666666667,3,10,12
Version_2,16,30,3,20,32
Version_2,17,50,3,65,49
Version_2,18,50,3,55,50
Version_2,19,43.33333333,3,40,45
Version_2,20,16.66666667,3,15,19
Version_2,21,0,3,0,2
Version_2,22,86.66666667,3,85,68
Version_2,23,46.66666667,3,25,48
Version_2,24,23.33333333,3,20,26
Version_2,25,13.33333333,3,15,15
Version_2,26,90,3,95,71
Version_2,27,23.33333333,3,15,27
Version_2,28,36.66666667,3,30,37
Version_2,29,23.33333333,3,15,28
Version_2,30,63.33333333,3,70,59
Version_2,31,3.333333333,3,5,10
Version_2,32,100,3,100,77
Version_2,33,30,3,10,33
Version_2,34,83.33333333,3,90,67
Version_2,35,80,3,70,64
Version_2,36,13.33333333,3,30,16
Version_2,37,80,3,80,65
Version_2,38,6.666666667,3,15,13
Version_2,39,36.66666667,3,20,38
Version_2,40,86.66666667,3,95,69
Version_2,41,30,3,5,34
Version_2,42,70,3,80,60
Version_2,43,0,3,0,3
Version_2,44,43.33333333,3,40,46
Version_2,45,73.33333333,3,80,62
Version_2,46,90,3,90,72
Version_2,47,50,3,30,51
Version_2,48,3.333333333,3,0,11
Version_2,49,0,3,0,4
Version_2,50,40,3,50,44
Version_2,51,0,3,0,5
Version_2,52,13.33333333,3,5,17
Version_2,53,20,3,5,24
Version_2,54,16.66666667,3,0,20
Version_2,55,53.33333333,3,65,52
Version_2,56,36.66666667,3,45,39
Version_2,57,16.66666667,3,10,21
Version_2,58,23.33333333,3,15,29
Version_2,59,90,3,95,73
Version_2,60,86.66666667,3,80,70
Version_2,61,53.33333333,3,40,53
Version_2,62,43.33333333,3,45,47
Version_2,63,36.66666667,3,40,40
Version_2,64,60,3,65,57
Version_2,65,20,3,10,25
Version_2,66,26.66666667,3,20,30
Version_2,67,56.66666667,3,65,55
Version_2,68,73.33333333,3,75,63
Version_2,69,36.66666667,3,50,41
Version_2,70,70,3,70,61
Version_2,71,53.33333333,3,55,54
Version_2,72,90,3,90,74
Version_2,73,100,3,100,78
Version_2,74,100,3,100,79
Version_2,75,36.66666667,3,25,42
Version_2,76,96.66666667,3,100,76
Version_2,77,100,3,100,80
Version_2,78,100,3,100,81
Version_2,79,100,3,100,82
Version_2,80,100,3,100,83
Version_2,81,100,3,100,84
Version_2,82,100,3,100,85
Version_2,83,100,3,100,86
Version_2,84,100,3,100,87
Version_2,85,60,3,60,58
Version_2,86,100,3,100,88
Version_2,87,90,3,90,75
Version_2,88,100,3,100,89
Version_2,89,100,3,100,90
Version_2,90,0,3,0,6
Version_2,1,0,4,0,1
Version_2,2,20,4,30,22
Version_2,3,3.333333333,4,10,7
Version_2,4,3.333333333,4,10,8
Version_2,5,16.66666667,4,20,18
Version_2,6,3.333333333,4,10,9
Version_2,7,36.66666667,4,40,36
Version_2,8,20,4,30,23
Version_2,9,33.33333333,4,30,35
Version_2,10,30,4,20,31
Version_2,11,60,4,50,56
Version_2,12,40,4,40,43
Version_2,13,83.33333333,4,80,66
Version_2,14,10,4,10,14
Version_2,15,6.666666667,4,0,12
Version_2,16,30,4,20,32
Version_2,17,50,4,10,49
Version_2,18,50,4,10,50
Version_2,19,43.33333333,4,30,45
Version_2,20,16.66666667,4,20,19
Version_2,21,0,4,0,2
Version_2,22,86.66666667,4,80,68
Version_2,23,46.66666667,4,50,48
Version_2,24,23.33333333,4,20,26
Version_2,25,13.33333333,4,10,15
Version_2,26,90,4,90,71
Version_2,27,23.33333333,4,10,27
Version_2,28,36.66666667,4,30,37
Version_2,29,23.33333333,4,0,28
Version_2,30,63.33333333,4,60,59
Version_2,31,3.333333333,4,10,10
Version_2,32,100,4,100,77
Version_2,33,30,4,10,33
Version_2,34,83.33333333,4,80,67
Version_2,35,80,4,80,64
Version_2,36,13.33333333,4,20,16
Version_2,37,80,4,70,65
Version_2,38,6.666666667,4,10,13
Version_2,39,36.66666667,4,30,38
Version_2,40,86.66666667,4,90,69
Version_2,41,30,4,10,34
Version_2,42,70,4,80,60
Version_2,43,0,4,0,3
Version_2,44,43.33333333,4,40,46
Version_2,45,73.33333333,4,60,62
Version_2,46,90,4,90,72
Version_2,47,50,4,40,51
Version_2,48,3.333333333,4,0,11
Version_2,49,0,4,0,4
Version_2,50,40,4,50,44
Version_2,51,0,4,0,5
Version_2,52,13.33333333,4,10,17
Version_2,53,20,4,20,24
Version_2,54,16.66666667,4,20,20
Version_2,55,53.33333333,4,40,52
Version_2,56,36.66666667,4,50,39
Version_2,57,16.66666667,4,20,21
Version_2,58,23.33333333,4,10,29
Version_2,59,90,4,100,73
Version_2,60,86.66666667,4,80,70
Version_2,61,53.33333333,4,70,53
Version_2,62,43.33333333,4,40,47
Version_2,63,36.66666667,4,30,40
Version_2,64,60,4,60,57
Version_2,65,20,4,30,25
Version_2,66,26.66666667,4,10,30
Version_2,67,56.66666667,4,60,55
Version_2,68,73.33333333,4,80,63
Version_2,69,36.66666667,4,40,41
Version_2,70,70,4,70,61
Version_2,71,53.33333333,4,50,54
Version_2,72,90,4,90,74
Version_2,73,100,4,100,78
Version_2,74,100,4,90,79
Version_2,75,36.66666667,4,40,42
Version_2,76,96.66666667,4,100,76
Version_2,77,100,4,100,80
Version_2,78,100,4,100,81
Version_2,79,100,4,100,82
Version_2,80,100,4,100,83
Version_2,81,100,4,100,84
Version_2,82,100,4,100,85
Version_2,83,100,4,100,86
Version_2,84,100,4,100,87
Version_2,85,60,4,60,58
Version_2,86,100,4,100,88
Version_2,87,90,4,90,75
Version_2,88,100,4,100,89
Version_2,89,100,4,100,90
Version_2,90,0,4,0,6
Version_2,1,0,5,0,1
Version_2,2,20,5,30,22
Version_2,3,3.333333333,5,10,7
Version_2,4,3.333333333,5,20,8
Version_2,5,16.66666667,5,10,18
Version_2,6,3.333333333,5,10,9
Version_2,7,36.66666667,5,40,36
Version_2,8,20,5,40,23
Version_2,9,33.33333333,5,30,35
Version_2,10,30,5,20,31
Version_2,11,60,5,60,56
Version_2,12,40,5,40,43
Version_2,13,83.33333333,5,60,66
Version_2,14,10,5,20,14
Version_2,15,6.666666667,5,10,12
Version_2,16,30,5,20,32
Version_2,17,50,5,10,49
Version_2,18,50,5,10,50
Version_2,19,43.33333333,5,50,45
Version_2,20,16.66666667,5,10,19
Version_2,21,0,5,0,2
Version_2,22,86.66666667,5,80,68
Version_2,23,46.66666667,5,20,48
Version_2,24,23.33333333,5,20,26
Version_2,25,13.33333333,5,10,15
Version_2,26,90,5,70,71
Version_2,27,23.33333333,5,10,27
Version_2,28,36.66666667,5,30,37
Version_2,29,23.33333333,5,0,28
Version_2,30,63.33333333,5,60,59
Version_2,31,3.333333333,5,0,10
Version_2,32,100,5,90,77
Version_2,33,30,5,10,33
Version_2,34,83.33333333,5,70,67
Version_2,35,80,5,70,64
Version_2,36,13.33333333,5,20,16
Version_2,37,80,5,60,65
Version_2,38,6.666666667,5,0,13
Version_2,39,36.66666667,5,20,38
Version_2,40,86.66666667,5,90,69
Version_2,41,30,5,0,34
Version_2,42,70,5,70,60
Version_2,43,0,5,0,3
Version_2,44,43.33333333,5,40,46
Version_2,45,73.33333333,5,60,62
Version_2,46,90,5,90,72
Version_2,47,50,5,40,51
Version_2,48,3.333333333,5,0,11
Version_2,49,0,5,0,4
Version_2,50,40,5,40,44
Version_2,51,0,5,0,5
Version_2,52,13.33333333,5,0,17
Version_2,53,20,5,10,24
Version_2,54,16.66666667,5,30,20
Version_2,55,53.33333333,5,40,52
Version_2,56,36.66666667,5,40,39
Version_2,57,16.66666667,5,20,21
Version_2,58,23.33333333,5,10,29
Version_2,59,90,5,90,73
Version_2,60,86.66666667,5,70,70
Version_2,61,53.33333333,5,60,53
Version_2,62,43.33333333,5,10,47
Version_2,63,36.66666667,5,10,40
Version_2,64,60,5,60,57
Version_2,65,20,5,10,25
Version_2,66,26.66666667,5,10,30
Version_2,67,56.66666667,5,40,55
Version_2,69,36.66666667,5,40,41
Version_2,70,70,5,50,61
Version_2,71,53.33333333,5,60,54
Version_2,72,90,5,90,74
Version_2,73,100,5,100,78
Version_2,74,100,5,90,79
Version_2,75,36.66666667,5,40,42
Version_2,76,96.66666667,5,100,76
Version_2,77,100,5,100,80
Version_2,78,100,5,100,81
Version_2,79,100,5,100,82
Version_2,80,100,5,100,83
Version_2,81,100,5,100,84
Version_2,82,100,5,100,85
Version_2,83,100,5,100,86
Version_2,84,100,5,100,87
Version_2,85,60,5,60,58
Version_2,86,100,5,100,88
Version_2,87,90,5,90,75
Version_2,88,100,5,100,89
Version_2,89,100,5,90,90
Version_2,90,0,5,0,6
Version_2,1,0,6,0,1
Version_2,2,20,6,10,22
Version_2,3,3.333333333,6,0,7
Version_2,4,3.333333333,6,25,8
Version_2,5,16.66666667,6,30,18
Version_2,6,3.333333333,6,20,9
Version_2,7,36.66666667,6,50,36
Version_2,8,20,6,25,23
Version_2,9,33.33333333,6,40,35
Version_2,10,30,6,30,31
Version_2,11,60,6,60,56
Version_2,12,40,6,40,43
Version_2,13,83.33333333,6,75,66
Version_2,14,10,6,30,14
Version_2,15,6.666666667,6,30,12
Version_2,16,30,6,30,32
Version_2,17,50,6,55,49
Version_2,18,50,6,50,50
Version_2,19,43.33333333,6,50,45
Version_2,20,16.66666667,6,10,19
Version_2,21,0,6,0,2
Version_2,22,86.66666667,6,80,68
Version_2,23,46.66666667,6,40,48
Version_2,24,23.33333333,6,30,26
Version_2,25,13.33333333,6,25,15
Version_2,26,90,6,80,71
Version_2,27,23.33333333,6,10,27
Version_2,28,36.66666667,6,35,37
Version_2,29,23.33333333,6,0,28
Version_2,30,63.33333333,6,65,59
Version_2,31,3.333333333,6,0,10
Version_2,32,100,6,100,77
Version_2,33,30,6,10,33
Version_2,34,83.33333333,6,80,67
Version_2,35,80,6,75,64
Version_2,36,13.33333333,6,20,16
Version_2,37,80,6,80,65
Version_2,38,6.666666667,6,0,13
Version_2,39,36.66666667,6,40,38
Version_2,40,86.66666667,6,80,69
Version_2,41,30,6,30,34
Version_2,42,70,6,75,60
Version_2,43,0,6,5,3
Version_2,44,43.33333333,6,40,46
Version_2,45,73.33333333,6,60,62
Version_2,46,90,6,90,72
Version_2,47,50,6,40,51
Version_2,48,3.333333333,6,0,11
Version_2,49,0,6,0,4
Version_2,50,40,6,40,44
Version_2,51,0,6,0,5
Version_2,52,13.33333333,6,10,17
Version_2,53,20,6,10,24
Version_2,54,16.66666667,6,45,20
Version_2,55,53.33333333,6,50,52
Version_2,56,36.66666667,6,40,39
Version_2,57,16.66666667,6,20,21
Version_2,58,23.33333333,6,10,29
Version_2,59,90,6,95,73
Version_2,60,86.66666667,6,80,70
Version_2,61,53.33333333,6,60,53
Version_2,62,43.33333333,6,40,47
Version_2,63,36.66666667,6,30,40
Version_2,64,60,6,50,57
Version_2,65,20,6,10,25
Version_2,66,26.66666667,6,5,30
Version_2,67,56.66666667,6,60,55
Version_2,68,73.33333333,6,70,63
Version_2,69,36.66666667,6,40,41
Version_2,70,70,6,70,61
Version_2,71,53.33333333,6,70,54
Version_2,72,90,6,100,74
Version_2,73,100,6,100,78
Version_2,74,100,6,95,79
Version_2,75,36.66666667,6,40,42
Version_2,76,96.66666667,6,100,76
Version_2,77,100,6,100,80
Version_2,78,100,6,100,81
Version_2,79,100,6,100,82
Version_2,80,100,6,100,83
Version_2,81,100,6,100,84
Version_2,82,100,6,95,85
Version_2,83,100,6,100,86
Version_2,84,100,6,100,87
Version_2,85,60,6,70,58
Version_2,86,100,6,100,88
Version_2,87,90,6,90,75
Version_2,88,100,6,100,89
Version_2,89,100,6,95,90
Version_2,90,0,6,0,6
Version_2,1,0,7,0,1
Version_2,2,20,7,15,22
Version_2,3,3.333333333,7,5,7
Version_2,4,3.333333333,7,10,8
Version_2,5,16.66666667,7,15,18
Version_2,6,3.333333333,7,10,9
Version_2,7,36.66666667,7,30,36
Version_2,8,20,7,10,23
Version_2,9,33.33333333,7,20,35
Version_2,10,30,7,20,31
Version_2,11,60,7,50,56
Version_2,12,40,7,40,43
Version_2,13,83.33333333,7,60,66
Version_2,14,10,7,20,14
Version_2,15,6.666666667,7,5,12
Version_2,16,30,7,10,32
Version_2,17,50,7,10,49
Version_2,18,50,7,10,50
Version_2,19,43.33333333,7,40,45
Version_2,20,16.66666667,7,20,19
Version_2,21,0,7,0,2
Version_2,22,86.66666667,7,80,68
Version_2,23,46.66666667,7,50,48
Version_2,24,23.33333333,7,30,26
Version_2,25,13.33333333,7,20,15
Version_2,26,90,7,90,71
Version_2,27,23.33333333,7,30,27
Version_2,28,36.66666667,7,25,37
Version_2,29,23.33333333,7,5,28
Version_2,30,63.33333333,7,60,59
Version_2,31,3.333333333,7,0,10
Version_2,32,100,7,90,77
Version_2,33,30,7,15,33
Version_2,34,83.33333333,7,80,67
Version_2,35,80,7,70,64
Version_2,36,13.33333333,7,10,16
Version_2,37,80,7,80,65
Version_2,38,6.666666667,7,5,13
Version_2,39,36.66666667,7,30,38
Version_2,40,86.66666667,7,80,69
Version_2,40,86.66666667,7,89,69
Version_2,41,30,7,10,34
Version_2,42,70,7,80,60
Version_2,43,0,7,0,3
Version_2,44,43.33333333,7,40,46
Version_2,45,73.33333333,7,60,62
Version_2,46,90,7,90,72
Version_2,47,50,7,50,51
Version_2,48,3.333333333,7,5,11
Version_2,49,0,7,0,4
Version_2,50,40,7,40,44
Version_2,51,0,7,0,5
Version_2,52,13.33333333,7,15,17
Version_2,53,20,7,20,24
Version_2,54,16.66666667,7,35,20
Version_2,55,53.33333333,7,45,52
Version_2,56,36.66666667,7,45,39
Version_2,57,16.66666667,7,40,21
Version_2,58,23.33333333,7,10,29
Version_2,59,90,7,100,73
Version_2,60,86.66666667,7,90,70
Version_2,61,53.33333333,7,70,53
Version_2,62,43.33333333,7,40,47
Version_2,63,36.66666667,7,50,40
Version_2,64,60,7,60,57
Version_2,65,20,7,30,25
Version_2,66,26.66666667,7,10,30
Version_2,67,56.66666667,7,60,55
Version_2,68,73.33333333,7,60,63
Version_2,69,36.66666667,7,35,41
Version_2,70,70,7,70,61
Version_2,71,53.33333333,7,60,54
Version_2,72,90,7,95,74
Version_2,73,100,7,100,78
Version_2,74,100,7,100,79
Version_2,75,36.66666667,7,40,42
Version_2,76,96.66666667,7,100,76
Version_2,77,100,7,100,80
Version_2,78,100,7,100,81
Version_2,79,100,7,100,82
Version_2,80,100,7,100,83
Version_2,81,100,7,100,84
Version_2,82,100,7,100,85
Version_2,83,100,7,100,86
Version_2,84,100,7,100,87
Version_2,85,60,7,60,58
Version_2,86,100,7,100,88
Version_2,87,90,7,90,75
Version_2,88,100,7,100,89
Version_2,89,100,7,100,90
Version_2,90,0,7,0,6
Version_2,1,0,8,0,1
Version_2,2,20,8,22,22
Version_2,3,3.333333333,8,2,7
Version_2,4,3.333333333,8,6,8
Version_2,5,16.66666667,8,12,18
Version_2,6,3.333333333,8,3,9
Version_2,7,36.66666667,8,37,36
Version_2,8,20,8,29,23
Version_2,9,33.33333333,8,18,35
Version_2,10,30,8,12,31
Version_2,11,60,8,63,56
Version_2,12,40,8,25,43
Version_2,13,83.33333333,8,65,66
Version_2,14,10,8,47,14
Version_2,15,6.666666667,8,24,12
Version_2,16,30,8,18,32
Version_2,17,50,8,65,49
Version_2,18,50,8,54,50
Version_2,19,43.33333333,8,32,45
Version_2,20,16.66666667,8,23,19
Version_2,21,0,8,4,2
Version_2,22,86.66666667,8,86,68
Version_2,23,46.66666667,8,78,48
Version_2,24,23.33333333,8,40,26
Version_2,25,13.33333333,8,23,15
Version_2,26,90,8,85,71
Version_2,27,23.33333333,8,15,27
Version_2,28,36.66666667,8,23,37
Version_2,29,23.33333333,8,7,28
Version_2,30,63.33333333,8,73,59
Version_2,31,3.333333333,8,5,10
Version_2,32,100,8,90,77
Version_2,33,30,8,11,33
Version_2,34,83.33333333,8,86,67
Version_2,35,80,8,83,64
Version_2,36,13.33333333,8,6,16
Version_2,37,80,8,79,65
Version_2,38,6.666666667,8,9,13
Version_2,39,36.66666667,8,24,38
Version_2,41,30,8,12,34
Version_2,42,70,8,77,60
Version_2,43,0,8,12,3
Version_2,44,43.33333333,8,65,46
Version_2,45,73.33333333,8,75,62
Version_2,46,90,8,95,72
Version_2,47,50,8,55,51
Version_2,48,3.333333333,8,2,11
Version_2,49,0,8,0,4
Version_2,50,40,8,81,44
Version_2,51,0,8,45,5
Version_2,52,13.33333333,8,50,17
Version_2,53,20,8,14,24
Version_2,54,16.66666667,8,24,20
Version_2,55,53.33333333,8,54,52
Version_2,56,36.66666667,8,36,39
Version_2,57,16.66666667,8,28,21
Version_2,58,23.33333333,8,27,29
Version_2,59,90,8,97,73
Version_2,60,86.66666667,8,78,70
Version_2,61,53.33333333,8,45,53
Version_2,62,43.33333333,8,35,47
Version_2,63,36.66666667,8,36,40
Version_2,64,60,8,43,57
Version_2,65,20,8,13,25
Version_2,66,26.66666667,8,8,30
Version_2,67,56.66666667,8,56,55
Version_2,68,73.33333333,8,69,63
Version_2,69,36.66666667,8,39,41
Version_2,70,70,8,73,61
Version_2,71,53.33333333,8,60,54
Version_2,72,90,8,96,74
Version_2,73,100,8,98,78
Version_2,74,100,8,95,79
Version_2,75,36.66666667,8,48,42
Version_2,76,96.66666667,8,100,76
Version_2,77,100,8,100,80
Version_2,78,100,8,100,81
Version_2,79,100,8,100,82
Version_2,80,100,8,99,83
Version_2,81,100,8,100,84
Version_2,82,100,8,100,85
Version_2,83,100,8,100,86
Version_2,84,100,8,100,87
Version_2,85,60,8,25,58
Version_2,86,100,8,100,88
Version_2,87,90,8,87,75
Version_2,88,100,8,100,89
Version_2,89,100,8,99,90
Version_2,90,0,8,2,6
Version_2,1,0,9,5,1
Version_2,2,20,9,15,22
Version_2,3,3.333333333,9,0,7
Version_2,4,3.333333333,9,7,8
Version_2,5,16.66666667,9,30,18
Version_2,6,3.333333333,9,0,9
Version_2,7,36.66666667,9,25,36
Version_2,8,20,9,10,23
Version_2,9,33.33333333,9,15,35
Version_2,10,30,9,25,31
Version_2,11,60,9,50,56
Version_2,12,40,9,40,43
Version_2,13,83.33333333,9,80,66
Version_2,14,10,9,10,14
Version_2,15,6.666666667,9,3,12
Version_2,16,30,9,10,32
Version_2,17,50,9,43,49
Version_2,18,50,9,35,50
Version_2,19,43.33333333,9,47,45
Version_2,20,16.66666667,9,14,19
Version_2,21,0,9,0,2
Version_2,22,86.66666667,9,80,68
Version_2,23,46.66666667,9,10,48
Version_2,24,23.33333333,9,10,26
Version_2,25,13.33333333,9,15,15
Version_2,26,90,9,86,71
Version_2,27,23.33333333,9,8,27
Version_2,28,36.66666667,9,40,37
Version_2,29,23.33333333,9,2,28
Version_2,30,63.33333333,9,53,59
Version_2,31,3.333333333,9,0,10
Version_2,32,100,9,100,77
Version_2,33,30,9,6,33
Version_2,34,83.33333333,9,80,67
Version_2,35,80,9,65,64
Version_2,36,13.33333333,9,12,16
Version_2,37,80,9,80,65
Version_2,38,6.666666667,9,14,13
Version_2,39,36.66666667,9,42,38
Version_2,40,86.66666667,9,97,69
Version_2,41,30,9,40,34
Version_2,42,70,9,78,60
Version_2,43,0,9,0,3
Version_2,44,43.33333333,9,47,46
Version_2,45,73.33333333,9,65,62
Version_2,46,90,9,90,72
Version_2,47,50,9,47,51
Version_2,48,3.333333333,9,0,11
Version_2,49,0,9,0,4
Version_2,50,40,9,46,44
Version_2,51,0,9,0,5
Version_2,52,13.33333333,9,16,17
Version_2,53,20,9,20,24
Version_2,54,16.66666667,9,44,20
Version_2,55,53.33333333,9,52,52
Version_2,56,36.66666667,9,38,39
Version_2,57,16.66666667,9,26,21
Version_2,58,23.33333333,9,29,29
Version_2,59,90,9,96,73
Version_2,60,86.66666667,9,84,70
Version_2,61,53.33333333,9,54,53
Version_2,62,43.33333333,9,50,47
Version_2,63,36.66666667,9,30,40
Version_2,64,60,9,60,57
Version_2,65,20,9,2,25
Version_2,66,26.66666667,9,10,30
Version_2,67,56.66666667,9,57,55
Version_2,68,73.33333333,9,74,63
Version_2,69,36.66666667,9,40,41
Version_2,70,70,9,73,61
Version_2,71,53.33333333,9,56,54
Version_2,72,90,9,92,74
Version_2,73,100,9,100,78
Version_2,74,100,9,100,79
Version_2,75,36.66666667,9,26,42
Version_2,76,96.66666667,9,97,76
Version_2,77,100,9,96,80
Version_2,78,100,9,100,81
Version_2,79,100,9,100,82
Version_2,80,100,9,98,83
Version_2,81,100,9,97,84
Version_2,82,100,9,92,85
Version_2,83,100,9,100,86
Version_2,84,100,9,99,87
Version_2,85,60,9,57,58
Version_2,86,100,9,100,88
Version_2,87,90,9,90,75
Version_2,88,100,9,99,89
Version_2,89,100,9,96,90
Version_2,90,0,9,0,6
Version_2,1,0,10,5,1
Version_2,2,20,10,30,22
Version_2,3,3.333333333,10,0,7
Version_2,4,3.333333333,10,10,8
Version_2,5,16.66666667,10,30,18
Version_2,6,3.333333333,10,5,9
Version_2,7,36.66666667,10,40,36
Version_2,8,20,10,30,23
Version_2,9,33.33333333,10,40,35
Version_2,10,30,10,30,31
Version_2,11,60,10,50,56
Version_2,12,40,10,40,43
Version_2,13,83.33333333,10,80,66
Version_2,14,10,10,40,14
Version_2,15,6.666666667,10,10,12
Version_2,16,30,10,25,32
Version_2,17,50,10,55,49
Version_2,18,50,10,55,50
Version_2,19,43.33333333,10,45,45
Version_2,20,16.66666667,10,5,19
Version_2,21,0,10,0,2
Version_2,22,86.66666667,10,80,68
Version_2,23,46.66666667,10,45,48
Version_2,24,23.33333333,10,10,26
Version_2,25,13.33333333,10,15,15
Version_2,26,90,10,85,71
Version_2,27,23.33333333,10,5,27
Version_2,28,36.66666667,10,20,37
Version_2,29,23.33333333,10,5,28
Version_2,30,63.33333333,10,65,59
Version_2,31,3.333333333,10,0,10
Version_2,32,100,10,95,77
Version_2,33,30,10,5,33
Version_2,34,83.33333333,10,85,67
Version_2,35,80,10,80,64
Version_2,36,13.33333333,10,30,16
Version_2,37,80,10,80,65
Version_2,38,6.666666667,10,5,13
Version_2,39,36.66666667,10,40,38
Version_2,40,86.66666667,10,90,69
Version_2,41,30,10,25,34
Version_2,42,70,10,75,60
Version_2,43,0,10,35,3
Version_2,44,43.33333333,10,50,46
Version_2,45,73.33333333,10,75,62
Version_2,46,90,10,90,72
Version_2,47,50,10,45,51
Version_2,48,3.333333333,10,10,11
Version_2,49,0,10,10,4
Version_2,50,40,10,45,44
Version_2,51,0,10,0,5
Version_2,52,13.33333333,10,35,17
Version_2,53,20,10,20,24
Version_2,54,16.66666667,10,50,20
Version_2,55,53.33333333,10,55,52
Version_2,56,36.66666667,10,40,39
Version_2,57,16.66666667,10,20,21
Version_2,58,23.33333333,10,35,29
Version_2,59,90,10,95,73
Version_2,60,86.66666667,10,80,70
Version_2,61,53.33333333,10,60,53
Version_2,62,43.33333333,10,40,47
Version_2,63,36.66666667,10,50,40
Version_2,64,60,10,60,57
Version_2,65,20,10,30,25
Version_2,66,26.66666667,10,25,30
Version_2,67,56.66666667,10,60,55
Version_2,68,73.33333333,10,65,63
Version_2,69,36.66666667,10,40,41
Version_2,70,70,10,70,61
Version_2,71,53.33333333,10,60,54
Version_2,72,90,10,95,74
Version_2,73,100,10,100,78
Version_2,74,100,10,100,79
Version_2,75,36.66666667,10,45,42
Version_2,76,96.66666667,10,100,76
Version_2,77,100,10,100,80
Version_2,78,100,10,100,81
Version_2,79,100,10,100,82
Version_2,80,100,10,95,83
Version_2,81,100,10,100,84
Version_2,82,100,10,100,85
Version_2,83,100,10,100,86
Version_2,84,100,10,100,87
Version_2,85,60,10,65,58
Version_2,86,100,10,100,88
Version_2,87,90,10,90,75
Version_2,88,100,10,100,89
Version_2,89,100,10,100,90
Version_2,90,0,10,0,6
Version_2,1,0,11,0,1
Version_2,2,20,11,20,22
Version_2,3,3.333333333,11,10,7
Version_2,4,3.333333333,11,40,8
Version_2,5,16.66666667,11,40,18
Version_2,6,3.333333333,11,30,9
Version_2,7,36.66666667,11,40,36
Version_2,8,20,11,30,23
Version_2,9,33.33333333,11,50,35
Version_2,10,30,11,40,31
Version_2,11,60,11,60,56
Version_2,12,40,11,50,43
Version_2,13,83.33333333,11,80,66
Version_2,14,10,11,30,14
Version_2,15,6.666666667,11,10,12
Version_2,16,30,11,30,32
Version_2,17,50,11,50,49
Version_2,18,50,11,50,50
Version_2,19,43.33333333,11,60,45
Version_2,20,16.66666667,11,20,19
Version_2,21,0,11,0,2
Version_2,22,86.66666667,11,80,68
Version_2,23,46.66666667,11,10,48
Version_2,24,23.33333333,11,30,26
Version_2,25,13.33333333,11,10,15
Version_2,26,90,11,90,71
Version_2,27,23.33333333,11,30,27
Version_2,28,36.66666667,11,40,37
Version_2,29,23.33333333,11,0,28
Version_2,30,63.33333333,11,70,59
Version_2,31,3.333333333,11,0,10
Version_2,32,100,11,100,77
Version_2,33,30,11,10,33
Version_2,34,83.33333333,11,80,67
Version_2,35,80,11,80,64
Version_2,36,13.33333333,11,20,16
Version_2,37,80,11,80,65
Version_2,38,6.666666667,11,10,13
Version_2,39,36.66666667,11,30,38
Version_2,40,86.66666667,11,90,69
Version_2,41,30,11,20,34
Version_2,42,70,11,80,60
Version_2,43,0,11,0,3
Version_2,44,43.33333333,11,40,46
Version_2,45,73.33333333,11,60,62
Version_2,46,90,11,90,72
Version_2,47,50,11,30,51
Version_2,48,3.333333333,11,0,11
Version_2,49,0,11,0,4
Version_2,50,40,11,50,44
Version_2,51,0,11,0,5
Version_2,52,13.33333333,11,40,17
Version_2,53,20,11,20,24
Version_2,54,16.66666667,11,30,20
Version_2,55,53.33333333,11,50,52
Version_2,56,36.66666667,11,50,39
Version_2,57,16.66666667,11,20,21
Version_2,58,23.33333333,11,10,29
Version_2,59,90,11,100,73
Version_2,60,86.66666667,11,70,70
Version_2,61,53.33333333,11,60,53
Version_2,62,43.33333333,11,50,47
Version_2,63,36.66666667,11,50,40
Version_2,64,60,11,60,57
Version_2,65,20,11,10,25
Version_2,66,26.66666667,11,40,30
Version_2,67,56.66666667,11,60,55
Version_2,68,73.33333333,11,70,63
Version_2,69,36.66666667,11,40,41
Version_2,70,70,11,70,61
Version_2,71,53.33333333,11,60,54
Version_2,72,90,11,90,74
Version_2,73,100,11,100,78
Version_2,74,100,11,100,79
Version_2,75,36.66666667,11,40,42
Version_2,76,96.66666667,11,100,76
Version_2,77,100,11,100,80
Version_2,78,100,11,100,81
Version_2,79,100,11,100,82
Version_2,80,100,11,100,83
Version_2,81,100,11,100,84
Version_2,82,100,11,100,85
Version_2,83,100,11,100,86
Version_2,84,100,11,100,87
Version_2,85,60,11,60,58
Version_2,86,100,11,100,88
Version_2,87,90,11,90,75
Version_2,88,100,11,100,89
Version_2,89,100,11,90,90
Version_2,90,0,11,0,6
Version_2,1,0,12,0,1
Version_2,2,20,12,20,22
Version_2,3,3.333333333,12,10,7
Version_2,4,3.333333333,12,30,8
Version_2,5,16.66666667,12,40,18
Version_2,6,3.333333333,12,10,9
Version_2,7,36.66666667,12,40,36
Version_2,8,20,12,20,23
Version_2,9,33.33333333,12,50,35
Version_2,10,30,12,30,31
Version_2,11,60,12,60,56
Version_2,12,40,12,50,43
Version_2,13,83.33333333,12,80,66
Version_2,14,10,12,20,14
Version_2,15,6.666666667,12,20,12
Version_2,16,30,12,30,32
Version_2,17,50,12,50,49
Version_2,18,50,12,50,50
Version_2,19,43.33333333,12,50,45
Version_2,20,16.66666667,12,20,19
Version_2,21,0,12,0,2
Version_2,22,86.66666667,12,80,68
Version_2,23,46.66666667,12,50,48
Version_2,24,23.33333333,12,20,26
Version_2,25,13.33333333,12,10,15
Version_2,26,90,12,90,71
Version_2,27,23.33333333,12,20,27
Version_2,28,36.66666667,12,20,37
Version_2,29,23.33333333,12,10,28
Version_2,30,63.33333333,12,70,59
Version_2,31,3.333333333,12,0,10
Version_2,32,100,12,100,77
Version_2,33,30,12,10,33
Version_2,34,83.33333333,12,80,67
Version_2,35,80,12,80,64
Version_2,36,13.33333333,12,30,16
Version_2,37,80,12,80,65
Version_2,38,6.666666667,12,20,13
Version_2,39,36.66666667,12,30,38
Version_2,40,86.66666667,12,90,69
Version_2,41,30,12,30,34
Version_2,42,70,12,70,60
Version_2,43,0,12,0,3
Version_2,44,43.33333333,12,30,46
Version_2,45,73.33333333,12,70,62
Version_2,46,90,12,90,72
Version_2,47,50,12,30,51
Version_2,48,3.333333333,12,0,11
Version_2,49,0,12,0,4
Version_2,50,40,12,50,44
Version_2,51,0,12,0,5
Version_2,52,13.33333333,12,10,17
Version_2,53,20,12,10,24
Version_2,54,16.66666667,12,10,20
Version_2,55,53.33333333,12,30,52
Version_2,56,36.66666667,12,30,39
Version_2,57,16.66666667,12,20,21
Version_2,58,23.33333333,12,10,29
Version_2,59,90,12,90,73
Version_2,60,86.66666667,12,80,70
Version_2,61,53.33333333,12,40,53
Version_2,62,43.33333333,12,40,47
Version_2,63,36.66666667,12,30,40
Version_2,64,60,12,60,57
Version_2,65,20,12,30,25
Version_2,66,26.66666667,12,30,30
Version_2,67,56.66666667,12,40,55
Version_2,68,73.33333333,12,60,63
Version_2,69,36.66666667,12,40,41
Version_2,70,70,12,70,61
Version_2,71,53.33333333,12,50,54
Version_2,72,90,12,90,74
Version_2,73,100,12,100,78
Version_2,74,100,12,100,79
Version_2,75,36.66666667,12,30,42
Version_2,76,96.66666667,12,100,76
Version_2,77,100,12,100,80
Version_2,78,100,12,100,81
Version_2,79,100,12,100,82
Version_2,80,100,12,100,83
Version_2,81,100,12,100,84
Version_2,82,100,12,100,85
Version_2,83,100,12,100,86
Version_2,84,100,12,100,87
Version_2,85,60,12,60,58
Version_2,86,100,12,100,88
Version_2,87,90,12,90,75
Version_2,88,100,12,100,89
Version_2,89,100,12,100,90
Version_2,90,0,12,0,6
Version_2,1,0,13,0,1
Version_2,2,20,13,30,22
Version_2,3,3.333333333,13,10,7
Version_2,4,3.333333333,13,10,8
Version_2,5,16.66666667,13,20,18
Version_2,6,3.333333333,13,20,9
Version_2,7,36.66666667,13,35,36
Version_2,8,20,13,30,23
Version_2,9,33.33333333,13,35,35
Version_2,10,30,13,15,31
Version_2,11,60,13,60,56
Version_2,12,40,13,40,43
Version_2,13,83.33333333,13,80,66
Version_2,14,10,13,15,14
Version_2,15,6.666666667,13,30,12
Version_2,16,30,13,35,32
Version_2,17,50,13,50,49
Version_2,18,50,13,45,50
Version_2,19,43.33333333,13,50,45
Version_2,20,16.66666667,13,15,19
Version_2,21,0,13,5,2
Version_2,22,86.66666667,13,80,68
Version_2,23,46.66666667,13,50,48
Version_2,24,23.33333333,13,10,26
Version_2,25,13.33333333,13,35,15
Version_2,26,90,13,95,71
Version_2,27,23.33333333,13,10,27
Version_2,28,36.66666667,13,40,37
Version_2,29,23.33333333,13,0,28
Version_2,30,63.33333333,13,65,59
Version_2,31,3.333333333,13,0,10
Version_2,32,100,13,100,77
Version_2,33,30,13,5,33
Version_2,34,83.33333333,13,80,67
Version_2,35,80,13,70,64
Version_2,36,13.33333333,13,15,16
Version_2,37,80,13,75,65
Version_2,38,6.666666667,13,5,13
Version_2,39,36.66666667,13,40,38
Version_2,40,86.66666667,13,95,69
Version_2,41,30,13,20,34
Version_2,42,70,13,85,60
Version_2,43,0,13,0,3
Version_2,44,43.33333333,13,45,46
Version_2,45,73.33333333,13,55,62
Version_2,46,90,13,90,72
Version_2,47,50,13,40,51
Version_2,48,3.333333333,13,0,11
Version_2,49,0,13,0,4
Version_2,50,40,13,45,44
Version_2,51,0,13,0,5
Version_2,52,13.33333333,13,5,17
Version_2,53,20,13,20,24
Version_2,54,16.66666667,13,10,20
Version_2,55,53.33333333,13,30,52
Version_2,56,36.66666667,13,45,39
Version_2,57,16.66666667,13,20,21
Version_2,58,23.33333333,13,10,29
Version_2,59,90,13,95,73
Version_2,60,86.66666667,13,80,70
Version_2,61,53.33333333,13,55,53
Version_2,62,43.33333333,13,40,47
Version_2,63,36.66666667,13,35,40
Version_2,64,60,13,60,57
Version_2,65,20,13,35,25
Version_2,66,26.66666667,13,25,30
Version_2,67,56.66666667,13,70,55
Version_2,68,73.33333333,13,70,63
Version_2,69,36.66666667,13,40,41
Version_2,70,70,13,65,61
Version_2,71,53.33333333,13,65,54
Version_2,72,90,13,100,74
Version_2,73,100,13,100,78
Version_2,74,100,13,100,79
Version_2,75,36.66666667,13,40,42
Version_2,76,96.66666667,13,100,76
Version_2,77,100,13,100,80
Version_2,78,100,13,100,81
Version_2,79,100,13,100,82
Version_2,80,100,13,100,83
Version_2,81,100,13,100,84
Version_2,82,100,13,100,85
Version_2,83,100,13,100,86
Version_2,84,100,13,100,87
Version_2,85,60,13,65,58
Version_2,86,100,13,100,88
Version_2,87,90,13,90,75
Version_2,88,100,13,100,89
Version_2,89,100,13,100,90
Version_2,90,0,13,0,6
Version_2,1,0,14,0,1
Version_2,2,20,14,20,22
Version_2,3,3.333333333,14,10,7
Version_2,4,3.333333333,14,0,8
Version_2,5,16.66666667,14,10,18
Version_2,6,3.333333333,14,0,9
Version_2,7,36.66666667,14,30,36
Version_2,8,20,14,40,23
Version_2,9,33.33333333,14,30,35
Version_2,10,30,14,10,31
Version_2,11,60,14,60,56
Version_2,12,40,14,40,43
Version_2,13,83.33333333,14,80,66
Version_2,14,10,14,10,14
Version_2,15,6.666666667,14,10,12
Version_2,16,30,14,20,32
Version_2,17,50,14,50,49
Version_2,18,50,14,40,50
Version_2,19,43.33333333,14,50,45
Version_2,20,16.66666667,14,10,19
Version_2,21,0,14,0,2
Version_2,22,86.66666667,14,80,68
Version_2,23,46.66666667,14,30,48
Version_2,24,23.33333333,14,10,26
Version_2,25,13.33333333,14,40,15
Version_2,26,90,14,90,71
Version_2,27,23.33333333,14,20,27
Version_2,28,36.66666667,14,40,37
Version_2,29,23.33333333,14,5,28
Version_2,30,63.33333333,14,65,59
Version_2,31,3.333333333,14,0,10
Version_2,32,100,14,100,77
Version_2,33,30,14,10,33
Version_2,34,83.33333333,14,80,67
Version_2,35,80,14,70,64
Version_2,36,13.33333333,14,10,16
Version_2,37,80,14,80,65
Version_2,38,6.666666667,14,0,13
Version_2,39,36.66666667,14,20,38
Version_2,40,86.66666667,14,90,69
Version_2,41,30,14,10,34
Version_2,42,70,14,70,60
Version_2,43,0,14,0,3
Version_2,44,43.33333333,14,40,46
Version_2,45,73.33333333,14,50,62
Version_2,46,90,14,90,72
Version_2,47,50,14,40,51
Version_2,48,3.333333333,14,0,11
Version_2,49,0,14,0,4
Version_2,50,40,14,40,44
Version_2,51,0,14,0,5
Version_2,52,13.33333333,14,10,17
Version_2,53,20,14,20,24
Version_2,54,16.66666667,14,15,20
Version_2,55,53.33333333,14,60,52
Version_2,56,36.66666667,14,40,39
Version_2,57,16.66666667,14,30,21
Version_2,58,23.33333333,14,0,29
Version_2,59,90,14,90,73
Version_2,60,86.66666667,14,80,70
Version_2,61,53.33333333,14,50,53
Version_2,62,43.33333333,14,10,47
Version_2,63,36.66666667,14,30,40
Version_2,64,60,14,60,57
Version_2,65,20,14,0,25
Version_2,66,26.66666667,14,20,30
Version_2,67,56.66666667,14,65,55
Version_2,68,73.33333333,14,75,63
Version_2,69,36.66666667,14,40,41
Version_2,70,70,14,70,61
Version_2,71,53.33333333,14,60,54
Version_2,72,90,14,90,74
Version_2,73,100,14,100,78
Version_2,74,100,14,90,79
Version_2,75,36.66666667,14,40,42
Version_2,76,96.66666667,14,100,76
Version_2,77,100,14,100,80
Version_2,78,100,14,100,81
Version_2,79,100,14,100,82
Version_2,80,100,14,100,83
Version_2,81,100,14,100,84
Version_2,82,100,14,100,85
Version_2,83,100,14,100,86
Version_2,84,100,14,100,87
Version_2,85,60,14,60,58
Version_2,86,100,14,100,88
Version_2,87,90,14,90,75
Version_2,88,100,14,100,89
Version_2,89,100,14,100,90
Version_2,90,0,14,0,6
Version_2,1,0,15,0,1
Version_2,2,20,15,20,22
Version_2,3,3.333333333,15,10,7
Version_2,4,3.333333333,15,20,8
Version_2,5,16.66666667,15,30,18
Version_2,6,3.333333333,15,10,9
Version_2,7,36.66666667,15,40,36
Version_2,8,20,15,30,23
Version_2,9,33.33333333,15,45,35
Version_2,10,30,15,30,31
Version_2,11,60,15,50,56
Version_2,12,40,15,40,43
Version_2,13,83.33333333,15,80,66
Version_2,14,10,15,20,14
Version_2,15,6.666666667,15,15,12
Version_2,16,30,15,30,32
Version_2,17,50,15,60,49
Version_2,18,50,15,55,50
Version_2,19,43.33333333,15,45,45
Version_2,20,16.66666667,15,25,19
Version_2,21,0,15,15,2
Version_2,22,86.66666667,15,80,68
Version_2,23,46.66666667,15,55,48
Version_2,24,23.33333333,15,35,26
Version_2,25,13.33333333,15,20,15
Version_2,26,90,15,90,71
Version_2,27,23.33333333,15,10,27
Version_2,28,36.66666667,15,30,37
Version_2,29,23.33333333,15,10,28
Version_2,30,63.33333333,15,60,59
Version_2,31,3.333333333,15,5,10
Version_2,32,100,15,100,77
Version_2,33,30,15,15,33
Version_2,34,83.33333333,15,85,67
Version_2,35,80,15,80,64
Version_2,36,13.33333333,15,35,16
Version_2,37,80,15,80,65
Version_2,38,6.666666667,15,40,13
Version_2,39,36.66666667,15,50,38
Version_2,40,86.66666667,15,85,69
Version_2,41,30,15,35,34
Version_2,42,70,15,70,60
Version_2,43,0,15,20,3
Version_2,44,43.33333333,15,45,46
Version_2,45,73.33333333,15,75,62
Version_2,46,90,15,90,72
Version_2,47,50,15,50,51
Version_2,48,3.333333333,15,20,11
Version_2,49,0,15,20,4
Version_2,50,40,15,60,44
Version_2,51,0,15,10,5
Version_2,52,13.33333333,15,35,17
Version_2,53,20,15,20,24
Version_2,54,16.66666667,15,30,20
Version_2,55,53.33333333,15,55,52
Version_2,56,36.66666667,15,40,39
Version_2,57,16.66666667,15,25,21
Version_2,58,23.33333333,15,10,29
Version_2,59,90,15,95,73
Version_2,60,86.66666667,15,75,70
Version_2,61,53.33333333,15,60,53
Version_2,62,43.33333333,15,45,47
Version_2,63,36.66666667,15,40,40
Version_2,64,60,15,60,57
Version_2,65,20,15,30,25
Version_2,66,26.66666667,15,25,30
Version_2,67,56.66666667,15,60,55
Version_2,68,73.33333333,15,70,63
Version_2,69,36.66666667,15,50,41
Version_2,70,70,15,70,61
Version_2,71,53.33333333,15,60,54
Version_2,72,90,15,90,74
Version_2,73,100,15,100,78
Version_2,74,100,15,100,79
Version_2,75,36.66666667,15,40,42
Version_2,76,96.66666667,15,100,76
Version_2,77,100,15,100,80
Version_2,78,100,15,100,81
Version_2,79,100,15,100,82
Version_2,80,100,15,100,83
Version_2,81,100,15,100,84
Version_2,82,100,15,100,85
Version_2,83,100,15,100,86
Version_2,84,100,15,100,87
Version_2,85,60,15,60,58
Version_2,86,100,15,100,88
Version_2,87,90,15,90,75
Version_2,88,100,15,100,89
Version_2,89,100,15,100,90
Version_2,90,0,15,0,6
Version_2,1,0,16,5,1
Version_2,2,20,16,35,22
Version_2,3,3.333333333,16,10,7
Version_2,4,3.333333333,16,32,8
Version_2,5,16.66666667,16,39,18
Version_2,6,3.333333333,16,12,9
Version_2,7,36.66666667,16,42,36
Version_2,8,20,16,43,23
Version_2,9,33.33333333,16,29,35
Version_2,10,30,16,36,31
Version_2,11,60,16,57,56
Version_2,12,40,16,50,43
Version_2,13,83.33333333,16,73,66
Version_2,14,10,16,38,14
Version_2,15,6.666666667,16,20,12
Version_2,16,30,16,37,32
Version_2,17,50,16,48,49
Version_2,18,50,16,40,50
Version_2,19,43.33333333,16,55,45
Version_2,20,16.66666667,16,34,19
Version_2,21,0,16,25,2
Version_2,22,86.66666667,16,72,68
Version_2,23,46.66666667,16,50,48
Version_2,24,23.33333333,16,39,26
Version_2,25,13.33333333,16,31,15
Version_2,26,90,16,85,71
Version_2,27,23.33333333,16,36,27
Version_2,28,36.66666667,16,40,37
Version_2,29,23.33333333,16,18,28
Version_2,30,63.33333333,16,57,59
Version_2,31,3.333333333,16,13,10
Version_2,32,100,16,90,77
Version_2,33,30,16,20,33
Version_2,34,83.33333333,16,75,67
Version_2,35,80,16,62,64
Version_2,36,13.33333333,16,28,16
Version_2,37,80,16,76,65
Version_2,38,6.666666667,16,37,13
Version_2,39,36.66666667,16,46,38
Version_2,40,86.66666667,16,82,69
Version_2,41,30,16,24,34
Version_2,42,70,16,70,60
Version_2,43,0,16,8,3
Version_2,44,43.33333333,16,50,46
Version_2,45,73.33333333,16,66,62
Version_2,46,90,16,90,72
Version_2,47,50,16,53,51
Version_2,48,3.333333333,16,7,11
Version_2,49,0,16,25,4
Version_2,50,40,16,52,44
Version_2,51,0,16,7,5
Version_2,52,13.33333333,16,36,17
Version_2,53,20,16,20,24
Version_2,54,16.66666667,16,45,20
Version_2,55,53.33333333,16,58,52
Version_2,56,36.66666667,16,45,39
Version_2,57,16.66666667,16,22,21
Version_2,58,23.33333333,16,30,29
Version_2,59,90,16,92,73
Version_2,60,86.66666667,16,64,70
Version_2,61,53.33333333,16,56,53
Version_2,62,43.33333333,16,40,47
Version_2,63,36.66666667,16,51,40
Version_2,64,60,16,56,57
Version_2,65,20,16,39,25
Version_2,66,26.66666667,16,21,30
Version_2,67,56.66666667,16,60,55
Version_2,68,73.33333333,16,59,63
Version_2,69,36.66666667,16,42,41
Version_2,70,70,16,63,61
Version_2,71,53.33333333,16,54,54
Version_2,72,90,16,87,74
Version_2,73,100,16,95,78
Version_2,74,100,16,92,79
Version_2,75,36.66666667,16,42,42
Version_2,76,96.66666667,16,98,76
Version_2,77,100,16,96,80
Version_2,78,100,16,100,81
Version_2,79,100,16,100,82
Version_2,80,100,16,97,83
Version_2,81,100,16,99,84
Version_2,82,100,16,96,85
Version_2,83,100,16,99,86
Version_2,84,100,16,93,87
Version_2,85,60,16,56,58
Version_2,86,100,16,98,88
Version_2,87,90,16,89,75
Version_2,88,100,16,100,89
Version_2,89,100,16,91,90
Version_2,90,0,16,1,6
Version_2,1,0,17,0,1
Version_2,2,20,17,30,22
Version_2,3,3.333333333,17,10,7
Version_2,4,3.333333333,17,10,8
Version_2,5,16.66666667,17,30,18
Version_2,6,3.333333333,17,0,9
Version_2,7,36.66666667,17,40,36
Version_2,8,20,17,30,23
Version_2,9,33.33333333,17,20,35
Version_2,10,30,17,20,31
Version_2,11,60,17,50,56
Version_2,12,40,17,30,43
Version_2,13,83.33333333,17,80,66
Version_2,14,10,17,30,14
Version_2,15,6.666666667,17,30,12
Version_2,16,30,17,30,32
Version_2,17,50,17,50,49
Version_2,18,50,17,50,50
Version_2,19,43.33333333,17,50,45
Version_2,20,16.66666667,17,30,19
Version_2,21,0,17,10,2
Version_2,22,86.66666667,17,80,68
Version_2,23,46.66666667,17,50,48
Version_2,24,23.33333333,17,20,26
Version_2,25,13.33333333,17,20,15
Version_2,26,90,17,90,71
Version_2,27,23.33333333,17,10,27
Version_2,28,36.66666667,17,20,37
Version_2,29,23.33333333,17,10,28
Version_2,30,63.33333333,17,80,59
Version_2,31,3.333333333,17,0,10
Version_2,32,100,17,100,77
Version_2,33,30,17,10,33
Version_2,34,83.33333333,17,90,67
Version_2,35,80,17,70,64
Version_2,36,13.33333333,17,10,16
Version_2,37,80,17,80,65
Version_2,38,6.666666667,17,20,13
Version_2,39,36.66666667,17,20,38
Version_2,40,86.66666667,17,90,69
Version_2,41,30,17,30,34
Version_2,42,70,17,80,60
Version_2,43,0,17,10,3
Version_2,44,43.33333333,17,40,46
Version_2,45,73.33333333,17,60,62
Version_2,46,90,17,90,72
Version_2,47,50,17,50,51
Version_2,48,3.333333333,17,10,11
Version_2,49,0,17,10,4
Version_2,50,40,17,50,44
Version_2,51,0,17,0,5
Version_2,52,13.33333333,17,10,17
Version_2,53,20,17,20,24
Version_2,54,16.66666667,17,30,20
Version_2,55,53.33333333,17,60,52
Version_2,56,36.66666667,17,40,39
Version_2,57,16.66666667,17,10,21
Version_2,58,23.33333333,17,20,29
Version_2,59,90,17,90,73
Version_2,60,86.66666667,17,80,70
Version_2,61,53.33333333,17,60,53
Version_2,62,43.33333333,17,40,47
Version_2,63,36.66666667,17,40,40
Version_2,64,60,17,60,57
Version_2,65,20,17,20,25
Version_2,66,26.66666667,17,10,30
Version_2,67,56.66666667,17,60,55
Version_2,68,73.33333333,17,60,63
Version_2,69,36.66666667,17,10,41
Version_2,70,70,17,70,61
Version_2,71,53.33333333,17,60,54
Version_2,72,90,17,90,74
Version_2,73,100,17,100,78
Version_2,74,100,17,100,79
Version_2,75,36.66666667,17,50,42
Version_2,76,96.66666667,17,100,76
Version_2,77,100,17,100,80
Version_2,78,100,17,100,81
Version_2,79,100,17,100,82
Version_2,80,100,17,100,83
Version_2,81,100,17,100,84
Version_2,82,100,17,100,85
Version_2,83,100,17,100,86
Version_2,84,100,17,100,87
Version_2,85,60,17,60,58
Version_2,86,100,17,100,88
Version_2,87,90,17,90,75
Version_2,88,100,17,100,89
Version_2,89,100,17,100,90
Version_2,90,0,17,0,6